ec_cert_sn,rsa_cert_sn,brand,model,kbx_id,rev_reason,rev_date,leak_detail
2621004353020741590,1051246719628187981,Lenovo,-,-,KEY_COMPROMISE,07.2020,PUBLIC_GIT_REPO
c360da616de6583ae816cdefdda66221,f3a6cc97099ae7311ca7d1c55625a9e2,ASUS,-,-,KEY_COMPROMISE,02.2023,KBX_PROVISION_FLAW
fc609574570c3e0a1d347e02a2ad6d4d,Not Affected,ASUS,-,-,SOFTWARE_FLAW,03.2023,KBX_PROVISION_FLAW
cfd09f492467a8d78f3c87f8ae82b0ed,843184b4161e8dfbb711061d3483ad81,Nubia,-,-,KEY_COMPROMISE,03.2023,KBX_PROVISION_FLAW
15304424745846567057,2540354691047989632,Nubia,-,-,KEY_COMPROMISE,03.2023,KBX_PROVISION_FLAW
9422579570321443809,14441488828221950432,Nubia,-,-,KEY_COMPROMISE,03.2023,KBX_PROVISION_FLAW
f2e14b3039c35d54fb9661b60b17ec94,836d1498921ff86a22fe3768042849a2,Nubia,-,-,KEY_COMPROMISE,03.2023,KBX_PROVISION_FLAW
c95180267ba53a50b636e36d32976065,9414602a0ce3f77d9ac05af532785ef,Nubia,-,-,KEY_COMPROMISE,03.2023,KBX_PROVISION_FLAW
c21b00ddf8c5a26106a03e8c11b37998,d9e9fa3c6021bcca273b524f551feab9,Nubia,-,-,KEY_COMPROMISE,03.2023,KBX_PROVISION_FLAW
6a0c9ef31f814ebb8d8301eb443f7940,78d6b0810af9e6897b62ef2e26a853d2,Nubia,-,-,KEY_COMPROMISE,03.2023,KBX_PROVISION_FLAW
e8063fd19d678b46998c5d25bf6bcd2,a23891b8cf1e06bea42599aecd9bc9cf,Nubia,-,-,KEY_COMPROMISE,03.2023,KBX_PROVISION_FLAW
13791718860221210775,5318853256439367328,Nubia,-,-,KEY_COMPROMISE,03.2023,KBX_PROVISION_FLAW
2775678662643671941,10478051501886118140,Nubia,-,-,KEY_COMPROMISE,03.2023,KBX_PROVISION_FLAW
9605027729693255932,7266970422002561562,Nubia,-,-,KEY_COMPROMISE,03.2023,KBX_PROVISION_FLAW
2121480040206509646,4722071905782261079,Nubia,-,-,KEY_COMPROMISE,03.2023,KBX_PROVISION_FLAW
16619986970074733637,8090691296252605665,Nubia,-,-,KEY_COMPROMISE,03.2023,KBX_PROVISION_FLAW
7355273169128314967,5344612975616013951,Wiko,-,-,KEY_COMPROMISE,12.2023,OEM_PACKAGE
16166206677093325219,15489222854939603791,Lenovo,-,-,KEY_COMPROMISE,01.2024,PUBLIC_GIT_REPO
18154252358500841010,12098947777634431853,Lenovo,-,-,KEY_COMPROMISE,01.2024,PUBLIC_GIT_REPO
10997554208317698753,12365028775357944392,Lenovo,-,-,KEY_COMPROMISE,01.2024,PUBLIC_GIT_REPO
fb5adea0f8212f845bea3f996bcee726,7f90e587a2cb6ef5dee0b83b58893d74,BLU,-,-,KEY_COMPROMISE,02.2024,OEM_PACKAGE
43cf4aa6e5d9744dd436d9d5ef1391cd,ad3b740cccc9369f89240dbc5284cb10,Oukitel,-,-,KEY_COMPROMISE,02.2024,OEM_PACKAGE
7f69b2f66b0679f7fffc721fc3978128,4b7f33db15d04ce1736768dbad021261,Oukitel,-,-,KEY_COMPROMISE,02.2024,OEM_PACKAGE
3bbbbd83aa163125a86e900730bc9f53,fb3b56606adc45049dd5ebc0846e0daf,Oukitel,-,-,KEY_COMPROMISE,02.2024,OEM_PACKAGE
90fdc81863091e2bc62519d620143d1,1ae2ba1ba985e8a55a3b617172e61537,Oukitel,-,-,KEY_COMPROMISE,02.2024,OEM_PACKAGE
fc0a3c9f31721c524c3bd84afa72cbe3,b8ac6e0771a0958aeaa4b68a111a5dee,Smooth,-,-,KEY_COMPROMISE,02.2024,OEM_PACKAGE
e24e5301403dcb9bad30918083fa15c7,dfd704581cbf9fe223b5c351fab83b4e,BQ,-,-,KEY_COMPROMISE,04.2024,THIRD_PARTY_WEBRESOURCE
6845757010563880491,4507699620177564323,BQ,-,-,KEY_COMPROMISE,04.2024,OEM_PACKAGE
dfd0bf6bb1cb606ef65572412c0d1ac8,4d818d8a042b22646a42c395e5c86d6,BQ,-,-,KEY_COMPROMISE,04.2024,THIRD_PARTY_WEBRESOURCE
7f9ec229afd8185d8432f408108e0991,846736b71487a74075ed6f33f58e4b33,BQ,-,-,KEY_COMPROMISE,04.2024,THIRD_PARTY_WEBRESOURCE
94f4943f978b93b4d7f4e69dc20b4d6b,c39c08de9731fd57d124c3e17c53faca,BQ,-,-,KEY_COMPROMISE,04.2024,THIRD_PARTY_WEBRESOURCE
14e38b3979edef06d0e95b7131a08b22,c2272cf25f9ccac5b5633a36b5e08fa9,BQ,-,-,KEY_COMPROMISE,04.2024,THIRD_PARTY_WEBRESOURCE
8868809403284598250,15443728027744674372,Hisense,-,-,KEY_COMPROMISE,04.2024,KBX_PROVISION_FLAW
224403031710863989,16164959107931297990,Ulefone,-,-,KEY_COMPROMISE,04.2024,OEM_PACKAGE
8398415515671998339,13965740041072508681,Ulefone,-,-,KEY_COMPROMISE,04.2024,OEM_PACKAGE
70771aada0054842160ef0764bce1623,119e72132a781e012ce7a8e68533b140,HTC,-,-,KEY_COMPROMISE,04.2024,THIRD_PARTY_WEBRESOURCE
3177d1aafc14b92a33cd42c652d30692,9d96f1e695269851494a91d48601a1d8,AGM,-,-,KEY_COMPROMISE,06.2024,KBX_PROVISION_FLAW
fdf3b3c1e92cec617335708d84e23d66,b3758e92dacf53edd06fa10d9a4361c9,AGM,-,-,KEY_COMPROMISE,06.2024,KBX_PROVISION_FLAW
4a359c9bec46babfbf94a2fe01c835bb,3ec3e740a09fc63de719ed99dde9001,AGM,-,-,KEY_COMPROMISE,06.2024,KBX_PROVISION_FLAW
b680b2b314e7a715e390e14a33020908,584d08a5cc306a991920a0def351a22d,AGM,-,-,KEY_COMPROMISE,06.2024,KBX_PROVISION_FLAW
16279865861478413754,13478723519430940204,AGM,-,-,KEY_COMPROMISE,06.2024,KBX_PROVISION_FLAW
4466280473208039047,5893256412279433040,Blackview,-,-,KEY_COMPROMISE,06.2024,MTK_KBX_DECKEY_COMPROMISE
1497138949090246232,6717229404067592611,Blackview,-,-,KEY_COMPROMISE,06.2024,MTK_KBX_DECKEY_COMPROMISE
b2963c20818a6588e3dab4a34ecb2b69,fb15cf8fb17f479ab86309b964bc879f,BLU,-,-,KEY_COMPROMISE,06.2024,OEM_PACKAGE
d4370bfca57f597151a18427664bf093,72a09b54cf99c9cba6da5a96706cd3f9,BLU,-,-,KEY_COMPROMISE,06.2024,MTK_KBX_DECKEY_COMPROMISE
1961a915b048a8a457f3cf134cac94a1,1100c01705cf01afba09f4969c659705,BLU,-,-,KEY_COMPROMISE,06.2024,OEM_PACKAGE
ff540c3b97a46444f86ef71653e1df18,bf26a255d9bab04bd5e2a797b2c3e13d,BLU,-,-,KEY_COMPROMISE,06.2024,OEM_PACKAGE
d4c59e957b7207ec11e1a7d8cfd4cb68,20c6af508272184d8dcae68f145835d0,BLU,-,-,KEY_COMPROMISE,06.2024,MTK_KBX_DECKEY_COMPROMISE
5192399fb1d5fdfe95c4f2fb002ac5f,dfa7255055f80aa26fd9eb94217c7941,BLU,-,-,KEY_COMPROMISE,06.2024,OEM_PACKAGE
b4aa79bf570cfe9bfb3fa59c24beb6db,2cf66a251b227a1b9ed6d4e019ea6b36,BLU,-,-,KEY_COMPROMISE,06.2024,OEM_PACKAGE
a7c4afb483f1227dc82993f27d1c0998,16932cc7a3865cea312d84702032b55e,BLU,-,-,KEY_COMPROMISE,06.2024,OEM_PACKAGE
cdef9adbc817a11faab9cbf410f0705d,92b6427efac231cf7da973d68b705d46,BLU,-,-,KEY_COMPROMISE,06.2024,OEM_PACKAGE
7aca5ae4929be0870316c52a831254d0,3ee622a0ecbd09ac188f5c4855a619f,BLU,-,-,KEY_COMPROMISE,06.2024,OEM_PACKAGE
62e957ed597044819a0d49db6cfb9f38,cd8225b35cfd298bf5356503e39feefa,BLU,-,-,KEY_COMPROMISE,06.2024,OEM_PACKAGE
e62b0afb8f80f139ef082bfc319c91af,a67ddc27e1036c7abdd95f1d5e7cad4f,BLU,-,-,KEY_COMPROMISE,06.2024,OEM_PACKAGE
3642e8ebda76a49229811a336135a82c,33c18997768f13c04f7b81679632bf65,BLU,-,-,KEY_COMPROMISE,06.2024,OEM_PACKAGE
68d1984f7ba32bea63baa680bc5a556c,b6e4b48e13ed2b06f9ef6fb16c0e37b2,BLU,-,-,KEY_COMPROMISE,06.2024,OEM_PACKAGE
b2a34feff0273b2f61298e02afe897bd,ac74231d6efe02a918c52138c5e6a288,BLU,-,-,KEY_COMPROMISE,06.2024,OEM_PACKAGE
e6508499faf6a244d959a9a8d633caf4,6ab1c2d064b242edc2dff1d95f688140,BLU,-,-,KEY_COMPROMISE,06.2024,MTK_KBX_DECKEY_COMPROMISE
a1c043b5aa1f915e0ee2d20fefaee8c1,33554d4e522d915d5dadf16f907c50f7,BLU,-,-,KEY_COMPROMISE,06.2024,MTK_KBX_DECKEY_COMPROMISE
511ef62d13cc31325eba9eac0774b5b1,407d5f958d5fc95972cac240a900aa48,BLU,-,-,KEY_COMPROMISE,06.2024,MTK_KBX_DECKEY_COMPROMISE
fff56c1b1b7af0a7818eed63918c7abc,2600c3f9b352130017f198e556d57a52,BLU,-,-,KEY_COMPROMISE,06.2024,MTK_KBX_DECKEY_COMPROMISE
50e4fb9e6313d2fc048bff0537c9d9bc,a9fb44f216e1fc41041aa21481b9e7a6,BLU,-,-,KEY_COMPROMISE,06.2024,OEM_PACKAGE
39473cc0a44911d10a38971286650ad,3557c27e3615017ab8c7d2b4edf5a10f,BLU,-,-,KEY_COMPROMISE,06.2024,OEM_PACKAGE
ef7634571778ff1f882a40929711dadf,6051ed8207d2d1c0bf927f9e2ada4b48,BLU,-,-,KEY_COMPROMISE,06.2024,OEM_PACKAGE
f9a0b9888d7a76c58c99c226b7706747,ba3146d2bfb27978e943fab925bbeb85,BLU,-,-,KEY_COMPROMISE,06.2024,MTK_KBX_DECKEY_COMPROMISE
a71808b06c9145429099a1aaaac0616b,c67256011aeebd5b499a79d0a68174a1,BLU,-,-,KEY_COMPROMISE,06.2024,MTK_KBX_DECKEY_COMPROMISE
f05d190cdad24969d3303bcf387cb9b4,6254754cf6193d69f8370e6398f1956d,BLU,-,-,KEY_COMPROMISE,06.2024,OEM_PACKAGE
14117867490237308293,6815517147617176510,BQ,-,-,KEY_COMPROMISE,06.2024,THIRD_PARTY_WEBRESOURCE
16738628654716464919,3751979701730164589,BQ,-,-,KEY_COMPROMISE,06.2024,THIRD_PARTY_WEBRESOURCE
8935204412779183185,14096919803101624708,BQ,-,-,KEY_COMPROMISE,06.2024,THIRD_PARTY_WEBRESOURCE
2a6fef545d4b8578bafb8245408fee26,9868d88a7b2f02cc2c625baf889af17,BQ,-,-,KEY_COMPROMISE,06.2024,OEM_PACKAGE
57b3857f2784b1a37b356f821e4b6db0,fddd5e6a8d584b1a8141682a12bf5f75,BQ,-,-,KEY_COMPROMISE,06.2024,OEM_PACKAGE
b0645f9b21d8a8394f5e3475c35244e2,97c5b89e9e51eff9e9897e92f865d21e,BQ,-,-,KEY_COMPROMISE,06.2024,OEM_PACKAGE
424ab07c0f341f6a01fdb4d34798dd05,faf84c1e7cd532045119e470d80be817,Doogee,-,-,KEY_COMPROMISE,06.2024,MTK_KBX_DECKEY_COMPROMISE
dc260c2618f40c1504ea3dbc75af48bc,a6d4145d111b92c3a0254ba9745db9e3,Doogee,-,-,KEY_COMPROMISE,06.2024,MTK_KBX_DECKEY_COMPROMISE
3d8cbfb0f47429cc8165cf175e239a20,9233668dceaa5b567e4cf9f52bd2e1e0,Doogee,-,-,KEY_COMPROMISE,06.2024,MTK_KBX_DECKEY_COMPROMISE
8ec25f23f03dbb50b8c16b8a00c1b385,20581dbacd135140e41ce15fa4820589,Doogee,-,-,KEY_COMPROMISE,06.2024,MTK_KBX_DECKEY_COMPROMISE
3b2c71a24f20eee5d71d51cd8533d188,53e23541cbcde87c85555e180f8b4397,Doogee,-,-,KEY_COMPROMISE,06.2024,MTK_KBX_DECKEY_COMPROMISE
93fbd4381bd491ad3d6dba8572cb01be,a321977211fe24e3d2dc8f76c083a08,Doogee,-,-,KEY_COMPROMISE,06.2024,MTK_KBX_DECKEY_COMPROMISE
1948b1f11ae6b513949d71d85462161f,e022d351fb24f904d7cf76a74a932f25,Doogee,-,-,KEY_COMPROMISE,06.2024,MTK_KBX_DECKEY_COMPROMISE
72736ea426dcd06ff0bbeb5a4dd79948,9734b6a853e67cd88f8f197f09f5b7ad,Doogee,-,-,KEY_COMPROMISE,06.2024,MTK_KBX_DECKEY_COMPROMISE
7d7fd8b16f3b60fad552cb5af07d6aca,452cd762f790c607b69946c27e383a4b,Doogee,-,-,KEY_COMPROMISE,06.2024,MTK_KBX_DECKEY_COMPROMISE
40a987951a45ead9ab2d4e3ab55bfc86,77e24e974232bec792932a6d9cad855c,Evercoss,-,-,KEY_COMPROMISE,06.2024,OEM_PACKAGE
6972031689279523646,4271430637556221188,Evercoss,-,-,KEY_COMPROMISE,06.2024,OEM_PACKAGE
2863739566415969992,10631151104397693527,Gigaset,-,-,KEY_COMPROMISE,06.2024,OEM_PACKAGE
205941609533867482,8626111651415796206,Hisense,-,-,KEY_COMPROMISE,06.2024,KBX_PROVISION_FLAW
15735730174267438273,5564751976450306924,Hisense,-,-,KEY_COMPROMISE,06.2024,KBX_PROVISION_FLAW
10669975075318677953,9705747036760232149,Hisense,-,-,KEY_COMPROMISE,06.2024,KBX_PROVISION_FLAW
12958730390904191521,6597002198956766176,Hisense,-,-,KEY_COMPROMISE,06.2024,KBX_PROVISION_FLAW
11020791951271937866,13554058501592369784,Hisense,-,-,KEY_COMPROMISE,06.2024,KBX_PROVISION_FLAW
6654493384142859524,14423003903688859038,Hisense,-,-,KEY_COMPROMISE,06.2024,KBX_PROVISION_FLAW
94494997671214484,13325600579469253471,Hisense,-,-,KEY_COMPROMISE,06.2024,KBX_PROVISION_FLAW
5145721877299830915,5272326329417510368,Hisense,-,-,KEY_COMPROMISE,06.2024,KBX_PROVISION_FLAW
12766508004442517294,8621345197686984555,Hisense,-,-,KEY_COMPROMISE,06.2024,KBX_PROVISION_FLAW
2768878a858bffb3af12180a1ee5ed7a,5ea29375f11952555ebae69b1a1991d8,Hisense,-,-,KEY_COMPROMISE,06.2024,KBX_PROVISION_FLAW
15950000780909930300,13208021490800717034,Hisense,-,-,KEY_COMPROMISE,06.2024,KBX_PROVISION_FLAW
10669975075318677953,10455742914461326988,Hisense,-,-,KEY_COMPROMISE,06.2024,KBX_PROVISION_FLAW
1765470235229526865,10366491491059815913,Hisense,-,-,KEY_COMPROMISE,06.2024,KBX_PROVISION_FLAW
2a305e8eda6380f554ab0964f62ff187,1c94ce366c473a12088308148b7dc866,Hisense,-,-,KEY_COMPROMISE,06.2024,MTK_KBX_DECKEY_COMPROMISE
c9208715e4912840d27bc5485fb08032,b8e48e0044936226009f11f3275692b7,Hisense,-,-,KEY_COMPROMISE,06.2024,MTK_KBX_DECKEY_COMPROMISE
9691410294288259865,14803998145538567806,iKU,-,-,KEY_COMPROMISE,06.2024,OEM_PACKAGE
13672903365956275417,3556819627137484722,Lanix,-,-,KEY_COMPROMISE,06.2024,OEM_PACKAGE
a485f500019e8d664dc93c37a6a0c859,6393c6390b60e0cfc9fb8d6ca1d23605,Lanix,-,-,KEY_COMPROMISE,06.2024,MTK_KBX_DECKEY_COMPROMISE
38bf5e098b9b9ffcccb7eee84fb9c09c,d7126a65f10da48342714f7707c1c4bc,Lanix,-,-,KEY_COMPROMISE,06.2024,MTK_KBX_DECKEY_COMPROMISE
d9a1ef01a1606b4eec1b34bbbe8d044e,476860a2ea20f8112cf0bec8c845663b,Lanix,-,-,KEY_COMPROMISE,06.2024,OEM_PACKAGE
7aee28c4caf600d64355540e33269a57,b8af8941ed0939add111eb8e8b3f74c3,Lanix,-,-,KEY_COMPROMISE,06.2024,MTK_KBX_DECKEY_COMPROMISE
b39c7850e07ffb8e3474c8bfaa09fe9d,d8c0880797d6f8571a050ed24ed074e1,Lanix,-,-,KEY_COMPROMISE,06.2024,MTK_KBX_DECKEY_COMPROMISE
1219e1543a92a9d2cae73a61625e9aab,ab63439eabd211ed9cfbcc9d0b7d9972,Lanix,-,-,KEY_COMPROMISE,06.2024,OEM_PACKAGE
10696134136102907523,11387632805333568160,Lanix,-,-,KEY_COMPROMISE,06.2024,OEM_PACKAGE
8887999446032040142,11481610630634287040,Lanix,-,-,KEY_COMPROMISE,06.2024,OEM_PACKAGE
b0e3b89197086be252d5eb29f930e537,587213a0a017a3151c3e0d772f3b459a,Lanix,-,-,KEY_COMPROMISE,06.2024,OEM_PACKAGE
338b275a6333cc1b59888acf75527802,457a612fd7e053298c4ee9d4b7691f44,Lanix,-,-,KEY_COMPROMISE,06.2024,OEM_PACKAGE
8123a63ed4783bc34c7ac20c8646f5a3,1cd8e467497e9ef0ada5bf15c9f922de,Lava,-,-,KEY_COMPROMISE,06.2024,MTK_KBX_DECKEY_COMPROMISE
b58f9dea5b5fa47a71232975c9a3105f,c4b25c81d5f2adb396621cf1da8cd206,Lava,-,-,KEY_COMPROMISE,06.2024,MTK_KBX_DECKEY_COMPROMISE
b329005210913255b99fa1c9f0844349,e1052a8a3ad9d5eebf23dae79cdf5fb3,Lava,-,-,KEY_COMPROMISE,06.2024,MTK_KBX_DECKEY_COMPROMISE
80f554df8f4db5e168b665e37674767b,e0e2b831ac104ecccc5e5dd3a2f11b75,Lava,-,-,KEY_COMPROMISE,06.2024,MTK_KBX_DECKEY_COMPROMISE
4f9a18bc60b33deaf47659718c8e46f3,ad8257dd3a64436eed9bc69ed7f81a8e,Lava,-,-,KEY_COMPROMISE,06.2024,MTK_KBX_DECKEY_COMPROMISE
4f327688e1a85e71955cefd696336b91,d426ecd919711485e4d1e923cb9cd367,Lava,-,-,KEY_COMPROMISE,06.2024,MTK_KBX_DECKEY_COMPROMISE
b29207249b68c6712fbf243e6f318c9f,30d9c1c5524174bfbf439e9e73cdb79d,Lava,-,-,KEY_COMPROMISE,06.2024,MTK_KBX_DECKEY_COMPROMISE
794603fd166a8b853084f94969b6f76a,d3dcd288c1343eeb42f68f1ec707aa15,Lava,-,-,KEY_COMPROMISE,06.2024,OEM_PACKAGE
9e80eca04c949e335ee919de518bebbf,b7ac5bec96bd1de444c48457a13a858d,Lava,-,-,KEY_COMPROMISE,06.2024,MTK_KBX_DECKEY_COMPROMISE
3472939056772264175,11131729192210368711,LT Mobile,-,-,KEY_COMPROMISE,06.2024,KBX_PROVISION_FLAW
af92c90e19f0da1673d19056937b46d3,9b60240e40d15b581525433b9c1b699e,Micromax,-,-,KEY_COMPROMISE,06.2024,MTK_KBX_DECKEY_COMPROMISE
7d2e383f6ecdcb69e62e6acbd9a356f,d16eec885e26129773878f9058704a63,Micromax,-,-,KEY_COMPROMISE,06.2024,MTK_KBX_DECKEY_COMPROMISE
8940841425273370276,7384636828590053418,Philips,-,-,KEY_COMPROMISE,06.2024,OEM_PACKAGE
14191869834556450245,10628994157453962498,Singtech,-,-,KEY_COMPROMISE,06.2024,OEM_PACKAGE
a7dc53700e9fc9847d4fea65c29da1e3,595bf8afe78ffd88220c9339451ac155,Smooth,-,-,KEY_COMPROMISE,06.2024,OEM_PACKAGE
dfe4a9b2dafa2bf5f641962cb3d5a332,e6710ab8649ebcfff1c399f0b233795a,SPURT,-,-,KEY_COMPROMISE,06.2024,MTK_KBX_DECKEY_COMPROMISE
2f7e1dd99a063e16aceefa3e6d681575,6b9bf9652484e73952e9301e86ef7412,Symphony,-,-,KEY_COMPROMISE,06.2024,OEM_PACKAGE
73b3dcaca88c01fd6280fe072c1cbde6,d8952e9b744ae2b97eeaf0d237817677,Symphony,-,-,KEY_COMPROMISE,06.2024,OEM_PACKAGE
df60b49f7b9046b5234e0df74ea9ce6b,a49e49a2a870d4e1de40aeaab37c8ca3,Symphony,-,-,KEY_COMPROMISE,06.2024,OEM_PACKAGE
f14187a6788de6b3ae4fd7c651d93aee,b1f1481091272a4911f18d20eaa12463,Symphony,-,-,KEY_COMPROMISE,06.2024,OEM_PACKAGE
9c2051b3327baf0eb364d3ab96e1a3fb,3da1dc524b8324ce144fd77b53897f57,Symphony,-,-,KEY_COMPROMISE,06.2024,MTK_KBX_DECKEY_COMPROMISE
ba98ecaf60d94aaa6c8ac685247a152d,fa303060f00a7d95cba05e1274907eda,Symphony,-,-,KEY_COMPROMISE,06.2024,OEM_PACKAGE
649dbea9cb64ce308588905214fa361c,7fdc29d6e5f98ea6d13eb5e737ce705,Symphony,-,-,KEY_COMPROMISE,06.2024,MTK_KBX_DECKEY_COMPROMISE
41d46d7986af544bc236bf833bded3a7,df922e62524b836180720612b9619a3a,Symphony,-,-,KEY_COMPROMISE,06.2024,MTK_KBX_DECKEY_COMPROMISE
3106306f29d13aef6a388d72e8e7bbab,be38635630e27b8d14049230d2cf8b12,Symphony,-,-,KEY_COMPROMISE,06.2024,MTK_KBX_DECKEY_COMPROMISE
bd1a9e9125a39b590cab7deecec05222,f87b4fb3a9645d3e8abc73ed76fb0572,Ulefone,-,-,KEY_COMPROMISE,06.2024,MTK_KBX_DECKEY_COMPROMISE
cc7b471209b7047084b2179373239c29,a80f47c0862d94d9269be02b83c37b53,Ulefone,-,-,KEY_COMPROMISE,06.2024,MTK_KBX_DECKEY_COMPROMISE
31b9588015bfba8e5b2762c87fb083cd,2e028083625fd6ef9f74637ff449da5a,Ulefone,-,-,KEY_COMPROMISE,06.2024,MTK_KBX_DECKEY_COMPROMISE
49c141a849df35acb6aaede2226f9e9b,2330e5e1e0a351ab4fc74c464ce88ed3,Ulefone,-,-,KEY_COMPROMISE,06.2024,MTK_KBX_DECKEY_COMPROMISE
5214c6faf95197b2079a0a02c688421,4e8df84b0a2c3bc222eee317c88cd7ae,Ulefone,-,-,KEY_COMPROMISE,06.2024,MTK_KBX_DECKEY_COMPROMISE
331fa3b0bc8f1899dd70bcb1a364c312,a3140abd9214f9db70b46964699c8cfb,Ulefone,-,-,KEY_COMPROMISE,06.2024,MTK_KBX_DECKEY_COMPROMISE
e1efed25187ebe05b745c7f466e57599,f005b07f550b5dd96a43e3bb6831678,Ulefone,-,-,KEY_COMPROMISE,06.2024,MTK_KBX_DECKEY_COMPROMISE
ee6126eeddc43fc387d7753867ed3e80,bc32a062ce42973daa8e184bdb5810de,Ulefone,-,-,KEY_COMPROMISE,06.2024,MTK_KBX_DECKEY_COMPROMISE
c4bb59d6dcad28194dd534da18028287,4aecbb55ac95669cbd322a709f8b8242,Ulefone,-,-,KEY_COMPROMISE,06.2024,MTK_KBX_DECKEY_COMPROMISE
be1c1c337bea50e15973446559a6d9fc,8cb65966a99f08fa218afd99ec0e046a,Ulefone,-,-,KEY_COMPROMISE,06.2024,MTK_KBX_DECKEY_COMPROMISE
c3e63dff2bb50259fbd025733ecdd90b,4373482b09e5d1c30144d74de4ed24c8,Ulefone,-,-,KEY_COMPROMISE,06.2024,MTK_KBX_DECKEY_COMPROMISE
a7c8f6f90f75a7fc7ee7db95c366dadf,e8c84860ca10ea6aec4221e7afafcc1a,Ulefone,-,-,KEY_COMPROMISE,06.2024,MTK_KBX_DECKEY_COMPROMISE
24d407abdcb818b82418df9075f0ff44,583dc5cc0dda3c1f886e9b7933137098,Ulefone,-,-,KEY_COMPROMISE,06.2024,MTK_KBX_DECKEY_COMPROMISE
27ed27b2a8c46be59c98ea4711d0dc5f,80479dd5006b90da882e13dcd19d0d3b,Ulefone,-,-,KEY_COMPROMISE,06.2024,MTK_KBX_DECKEY_COMPROMISE
9cde3eda4299bdd9bb585390e30a8f3b,928a090e80bb6aee9db4e92b37e41509,Ulefone,-,-,KEY_COMPROMISE,06.2024,MTK_KBX_DECKEY_COMPROMISE
4c665ca6ca9a6671ea6c8c75f491dca,4c40d55668244c65f690acd61040c369,Ulefone,-,-,KEY_COMPROMISE,06.2024,MTK_KBX_DECKEY_COMPROMISE
846713e0424db838fa4a991d943c4549,2b87baacd6338c76c0dd43c8a4a634d8,Ulefone,-,-,KEY_COMPROMISE,06.2024,MTK_KBX_DECKEY_COMPROMISE
435f04d984cebaa7757b312a5f943067,6a44e14ef662d48d2fb413c808081fa,Ulefone,-,-,KEY_COMPROMISE,06.2024,MTK_KBX_DECKEY_COMPROMISE
3154d0663898188cca623ad25bc7271d,c3cf50f9c7b1fbc5019239edaa57b8be,Ulefone,-,-,KEY_COMPROMISE,06.2024,MTK_KBX_DECKEY_COMPROMISE
c0e272fdb6e5849fd898834a1598c2fe,93248cf706c6f2e26e7e83d4c86bea0,Ulefone,-,-,KEY_COMPROMISE,06.2024,MTK_KBX_DECKEY_COMPROMISE
2d1b9bffc223503cde80405a71765905,71cf6a217187e89e086b072a1fd17596,Ulefone,-,-,KEY_COMPROMISE,06.2024,MTK_KBX_DECKEY_COMPROMISE
72d3b4e0d47b6f8887179ec2d300dad9,4f2db225d3384d2b9157941accf3ff6e,Ulefone,-,-,KEY_COMPROMISE,06.2024,MTK_KBX_DECKEY_COMPROMISE
8e7c77d159509217d9e11cbfc2664681,3cc2065cd9d758b7b4ccb42f67f310e1,Ulefone,-,-,KEY_COMPROMISE,06.2024,MTK_KBX_DECKEY_COMPROMISE
53290dbb4f94c781223e541e524ddcd0,24b08e455268f973f79e8af13419a04f,Ulefone,-,-,KEY_COMPROMISE,06.2024,MTK_KBX_DECKEY_COMPROMISE
ba76f7cf58dde094159eaa0ad7dd4815,ddd542d3ab5936ad7fd7e336769f8c73,Ulefone,-,-,KEY_COMPROMISE,06.2024,MTK_KBX_DECKEY_COMPROMISE
33d367c4f4e2ce7e51fd5dac92da62bc,ce9ee7250269cc92daebc877ed9130f0,Ulefone,-,-,KEY_COMPROMISE,06.2024,MTK_KBX_DECKEY_COMPROMISE
670acdd6e75f1834afe8568e4b090b8d,5bad8e7d165b7a311e2b57621556506f,Ulefone,-,-,KEY_COMPROMISE,06.2024,MTK_KBX_DECKEY_COMPROMISE
11918519357273683794,16964934668758645558,Ulefone,-,-,KEY_COMPROMISE,06.2024,MTK_KBX_DECKEY_COMPROMISE
94f191b632e0b448c576f70519693edb,e00cc58c1ed1f7027f3dbc4e87d33199,Ulefone,-,-,KEY_COMPROMISE,06.2024,MTK_KBX_DECKEY_COMPROMISE
983a895183f5f1271d79202533722279,43a65376e35524afc045906d7071cdf7,Ulefone,-,-,KEY_COMPROMISE,06.2024,MTK_KBX_DECKEY_COMPROMISE
2a20089c6bc09179b28fa91542065d91,8758766de23bcb4724f9c10da041246e,Ulefone,-,-,KEY_COMPROMISE,06.2024,MTK_KBX_DECKEY_COMPROMISE
68d889ddd7bbdba0c50fe275576582ae,99eca9a3d7ce7c2d84476402c1e448cf,Ulefone,-,-,KEY_COMPROMISE,06.2024,MTK_KBX_DECKEY_COMPROMISE
73de4f1c7f6540c3407c8f08c87dfc52,5bf5f851b04dd628def22feb04c3cec6,Ulefone,-,-,KEY_COMPROMISE,06.2024,MTK_KBX_DECKEY_COMPROMISE
f10247aa2c62f6b8a73178026e9bc0b7,24e6c13f4999fa3924e08994257323de,Ulefone,-,-,KEY_COMPROMISE,06.2024,MTK_KBX_DECKEY_COMPROMISE
133149eb867d7d1cdb6a3555bb5489ad,f0cf9f9d6bc5a7a7d82d9f0e510e57bb,Ulefone,-,-,KEY_COMPROMISE,06.2024,MTK_KBX_DECKEY_COMPROMISE
a030ebea4ad0f0f5c7d30ce666c04828,792e307458b653a6141d8a2d55a7d7,Ulefone,-,-,KEY_COMPROMISE,06.2024,MTK_KBX_DECKEY_COMPROMISE
6355987390329458305,9867094464352066174,Ulefone,-,-,KEY_COMPROMISE,06.2024,MTK_KBX_DECKEY_COMPROMISE
14243129576127828603,11088723024112326817,Vertex,-,-,KEY_COMPROMISE,06.2024,OEM_PACKAGE
b216046ea1a9a39afe7a7bf846c2fd73,5ae2c1d4d4a678e71f2e7b489c2a2e4a,Walton,-,-,KEY_COMPROMISE,06.2024,OEM_PACKAGE
fc8643f646dc253c7b2a9ce69694036e,5f1f2c2f2c3f26bb8f111a279e634510,Walton,-,-,KEY_COMPROMISE,06.2024,OEM_PACKAGE
3010000535011146404,4052208266068406503,Walton,-,-,KEY_COMPROMISE,06.2024,OEM_PACKAGE
de9e893188f2e3a04e632f909270a491,ce88396f2a456fc603cd766c78eacf13,Walton,-,-,KEY_COMPROMISE,06.2024,MTK_KBX_DECKEY_COMPROMISE
28a18b4f04d8e0ba1469e6f08128eb1,4be08979d68acd09934104b6bd2edda5,Walton,-,-,KEY_COMPROMISE,06.2024,MTK_KBX_DECKEY_COMPROMISE
13503260129030804995,4775152230268351286,Winmax,-,-,KEY_COMPROMISE,06.2024,OEM_PACKAGE
cbbab31cd003e49bcf7161f250813585,551b630fbcd8b33a17f001f3d5b08f93,Unknown,-,-,KEY_COMPROMISE,06.2024,THIRD_PARTY_WEBRESOURCE
2b0a09a69c59b482ddb8a21786fdd439,Not Affected,Conquest,-,-,KEY_COMPROMISE,09.2024,MTK_KBX_DECKEY_COMPROMISE
6933392829777369721,Not Affected,Vivo,-,-,KEY_COMPROMISE,10.2024,KBX_PROVISION_FLAW
5871646753572800414,Not Affected,Vivo,-,-,KEY_COMPROMISE,10.2024,KBX_PROVISION_FLAW
13063048137843225758,Not Affected,ASUS,-,-,KEY_COMPROMISE,10.2024,KBX_PROVISION_FLAW
b48dbbd75efb21cd0a48497f8176d0,Not Affected,ASUS,-,-,KEY_COMPROMISE,10.2024,KBX_PROVISION_FLAW
511301ba8fd1c44c317f78dc1d7d2cd1,Not Affected,Chuwi,-,-,KEY_COMPROMISE,10.2024,KBX_PROVISION_FLAW
14138857243207454896,Not Affected,Vivo,-,-,KEY_COMPROMISE,10.2024,KBX_PROVISION_FLAW
6843403734403185074,Not Affected,Vivo,-,-,KEY_COMPROMISE,10.2024,KBX_PROVISION_FLAW
11004354893796124535,Not Affected,Vivo,-,-,KEY_COMPROMISE,10.2024,KBX_PROVISION_FLAW
4648453603379027456,Not Affected,Vivo,-,-,KEY_COMPROMISE,10.2024,KBX_PROVISION_FLAW
17342033108574180851,Not Affected,Vivo,-,-,KEY_COMPROMISE,10.2024,KBX_PROVISION_FLAW
2441400622645777626,Not Affected,Vivo,-,-,KEY_COMPROMISE,10.2024,KBX_PROVISION_FLAW
3644717209372610241,Not Affected,Vivo,-,-,KEY_COMPROMISE,10.2024,KBX_PROVISION_FLAW
9460229422403884383,Not Affected,Vivo,-,-,KEY_COMPROMISE,10.2024,KBX_PROVISION_FLAW
10182630751496984110,Not Affected,Vivo,-,-,KEY_COMPROMISE,10.2024,KBX_PROVISION_FLAW
4393895627937872466,Not Affected,Vivo,-,-,KEY_COMPROMISE,10.2024,KBX_PROVISION_FLAW
Already Revoked (10.2024),13248733163135609423,ASUS,-,-,KEY_COMPROMISE,11.2024,KBX_PROVISION_FLAW
Already Revoked (03.2023),90b4d749dc46b40ef62bb1901953e112,ASUS,-,-,KEY_COMPROMISE,11.2024,KBX_PROVISION_FLAW
Already Revoked (10.2024),74b6e1978a2d6b06046a334c4e5aa27c,ASUS,-,-,KEY_COMPROMISE,11.2024,KBX_PROVISION_FLAW
cf408d495722b0ac413071aff33e5827,5700cd8388894789b7bf56117617ac8b,BLU,-,-,KEY_COMPROMISE,11.2024,MTK_KBX_DECKEY_COMPROMISE
208f5008c39038a7105aa3d2ccfa8f76,f1970b5cb77a6e7fc5a529b1da625738,Chuwi,-,-,KEY_COMPROMISE,11.2024,KBX_PROVISION_FLAW
Already Revoked (10.2024),497cef32a39b3ab59a5e4f540b5c6a04,Chuwi,-,-,KEY_COMPROMISE,11.2024,KBX_PROVISION_FLAW
Already Revoked (09.2024),d11d764d395b58eab0e4254911981f6c,Conquest,-,-,KEY_COMPROMISE,11.2024,MTK_KBX_DECKEY_COMPROMISE
b46f082b679a78cd1ddb33727d62fb22,69435364fc9442d7abb66f9ba15cbd12,IIIF150,-,-,KEY_COMPROMISE,11.2024,OEM_PACKAGE
263c56c9661db1056077c41533e9273a,899cc95b431b9ed6f4e5c04d223f1edd,IIIF150,-,-,KEY_COMPROMISE,11.2024,OEM_PACKAGE
N/A,7495153833538638193,SUGAR,-,-,KEY_COMPROMISE,11.2024,KBX_PROVISION_FLAW
9703144777339823906,1350561415378564440,Vivo,-,-,KEY_COMPROMISE,11.2024,KBX_PROVISION_FLAW
Already Revoked (10.2024),13928929639211242692,Vivo,-,-,KEY_COMPROMISE,11.2024,KBX_PROVISION_FLAW
Already Revoked (10.2024),13348091602249849805,Vivo,-,-,KEY_COMPROMISE,11.2024,KBX_PROVISION_FLAW
Already Revoked (10.2024),7833460656650575616,Vivo,-,-,KEY_COMPROMISE,11.2024,KBX_PROVISION_FLAW
Already Revoked (10.2024),4787674494226554952,Vivo,-,-,KEY_COMPROMISE,11.2024,KBX_PROVISION_FLAW
12668387747158417143,1668086897009702941,Vivo,-,-,KEY_COMPROMISE,11.2024,KBX_PROVISION_FLAW
Already Revoked (10.2024),10226047386288991724,Vivo,-,-,KEY_COMPROMISE,11.2024,KBX_PROVISION_FLAW
9714381576908752953,15771272847795181104,Vivo,-,-,KEY_COMPROMISE,11.2024,KBX_PROVISION_FLAW
Already Revoked (10.2024),2333138298448348224,Vivo,-,-,KEY_COMPROMISE,11.2024,KBX_PROVISION_FLAW
Already Revoked (10.2024),5499413214094383533,Vivo,-,-,KEY_COMPROMISE,11.2024,KBX_PROVISION_FLAW
Already Revoked (10.2024),4556706436870875570,Vivo,-,-,KEY_COMPROMISE,11.2024,KBX_PROVISION_FLAW
Already Revoked (10.2024),14640938648747537821,Vivo,-,-,KEY_COMPROMISE,11.2024,KBX_PROVISION_FLAW
Already Revoked (10.2024),1585354944530892645,Vivo,-,-,KEY_COMPROMISE,11.2024,KBX_PROVISION_FLAW
Already Revoked (10.2024),17815072069125310254,Vivo,-,-,KEY_COMPROMISE,11.2024,KBX_PROVISION_FLAW
Already Revoked (10.2024),17611167200590548471,Vivo,-,-,KEY_COMPROMISE,11.2024,KBX_PROVISION_FLAW
24f7bff38ae38534a66dd409a15018d3,N/A,Unknown,-,-,KEY_COMPROMISE,11.2024,THIRD_PARTY_WEBRESOURCE
5bf2410405189c2281ac6aece3298f2f,da5707ca6065a48a74a1dfc1d6785e39,AT&T,-,-,KEY_COMPROMISE,11.2024,THIRD_PARTY_WEBRESOURCE
d608859f730a11acc35eb186b0d25504,73dee6ce1a083d3cd6098e6235e8c45e,ASUS,-,-,KEY_COMPROMISE,11.2024,KBX_PROVISION_FLAW
15544873590417730886,16465707362485555038,Symphony,-,-,KEY_COMPROMISE,01.2025,OEM_PACKAGE
6e5998d0c8e7a361c662166c8c5f8105,6c114792264f0c67ef37da51241091a1,Samsung,-,-,KEY_COMPROMISE,01.2025,KBX_PROVISION_FLAW
5c5e3ff9fa765760ec579ab6328008b9,1635f112314b435298d4a1801809b5b6,Samsung,-,-,KEY_COMPROMISE,02.2025,KBX_PROVISION_FLAW
17775704036672684559,2985899474217541918,OALE,-,-,KEY_COMPROMISE,02.2025,MTK_KBX_INSECURE
87829f49654c1fa220a027c31c90b037,da4a4c5614d0da5aae0253c73e775cbb,Samsung,-,-,KEY_COMPROMISE,02.2025,KBX_PROVISION_FLAW
775085751717851895,8335962468401124113,Evercoss,-,-,KEY_COMPROMISE,03.2025,MTK_KBX_INSECURE
f45911023fead64f9b2491ad19de06cd,edab094a5e001ae601c06fbce1d01a7,Lava,-,-,KEY_COMPROMISE,03.2025,KBX_ROTATION_FLAW
caa391f076d87177851e4acd4d99b772,b5d0fd3fc956f03ebb99eb10e92fa06e,Samsung,-,-,KEY_COMPROMISE,03.2025,KBX_PROVISION_FLAW
654db3d49bb865315cf2928ce17f96bc,2493562cbaca7b1bb3218598123e2ef0,Samsung,-,-,KEY_COMPROMISE,03.2025,KBX_PROVISION_FLAW
65d1226ed843c66906529c6e745fdc49,10ca2db04a3538e905edd00f804d8649,Samsung,-,-,KEY_COMPROMISE,03.2025,KBX_PROVISION_FLAW
baeb81c8044494fa14874884bc172c2d,281769c1f1916a8e37646f7863294ce9,Samsung,-,-,KEY_COMPROMISE,03.2025,KBX_PROVISION_FLAW
e14f7b1492b4d225ff2a4fe0ae279917,6ccdfb0b347fddc347b2074e29a5c0e0,Samsung,-,-,KEY_COMPROMISE,03.2025,KBX_PROVISION_FLAW
e53487e5b8e2e82ab44b0aff57408103,6161047ac5539d8023ce409dbf544f84,Samsung,-,-,KEY_COMPROMISE,03.2025,KBX_PROVISION_FLAW
3b94b877b8d36ae768cd91fa5006ccdb,9b471bc8fa1c87c05e401564e4446a09,Samsung,-,-,KEY_COMPROMISE,03.2025,KBX_PROVISION_FLAW
7f9f925291fa0001777e2cb8985f4d29,dd935e7a3c182f5056f10de0bc6d11b0,Samsung,-,-,KEY_COMPROMISE,03.2025,KBX_PROVISION_FLAW
10036360674745445209,7479719643467672731,Vestel,-,-,KEY_COMPROMISE,04.2025,MTK_KBX_INSECURE
11231722307852259634,3249146971187585601,Unknown,-,-,KEY_COMPROMISE,04.2025,THIRD_PARTY_WEBRESOURCE
b1f6d91cfe4e29f034a1b9dcaf7a678a,6c3722823b428aef2f69497be59853f7,Samsung,-,-,KEY_COMPROMISE,04.2025,KBX_PROVISION_FLAW
10219798633894835429,3134375609477012285,HomTom,-,-,KEY_COMPROMISE,05.2025,MTK_KBX_INSECURE
5804530403665617138,13984941105194939177,Leagoo,-,-,KEY_COMPROMISE,06.2025,MTK_KBX_INSECURE
f1e35649d5b85e47c9319c897fe4ef3e,b55a225344f3a1027ee1f154559f71ff,Samsung,-,-,KEY_COMPROMISE,06.2025,KBX_PROVISION_FLAW
1965830602886501821,14819059798190023184,Doogee,-,-,KEY_COMPROMISE,07.2025,MTK_KBX_INSECURE
56638be1d91df0670db8f9058150f1d4,ef3e41299b63df31895d1813eb72f278,Doogee,-,-,KEY_COMPROMISE,07.2025,MTK_KBX_INSECURE
7601d99a5a3593d5c530d5d7dbad28bf,7982d8b1334c3a2ae7afd8b43c23df42,Samsung,-,-,KEY_COMPROMISE,07.2025,KBX_PROVISION_FLAW
acb718010957c9001f0a8439dce2120c,26bfe6fec8eb3f72ffef47b9bed40ad5,Samsung,-,-,KEY_COMPROMISE,07.2025,KBX_PROVISION_FLAW
d3ae9fa83749bb0d49cf377181fc7000,1266989c9955f471ada93e8b782d2c0f,Lava,-,-,KEY_COMPROMISE,07.2025,KBX_ROTATION_FLAW
f5b5528811160492fdbda0276126c024,85c654bf6ad94ac7f78a8d351d60775c,Lava,-,-,KEY_COMPROMISE,07.2025,KBX_ROTATION_FLAW
95ec197bda3f6063e0830f19eb1ea9d0,a777b30bcfadb0789078ca1be645b83a,Lava,-,-,KEY_COMPROMISE,07.2025,MTK_KBX_INSECURE
75b5d73175dac5e6b9cd5af409eb6e15,c83592ef396c523513b0f4fd731a7750,realme,-,-,KEY_COMPROMISE,07.2025,MTK_KBX_INSECURE
17784500337716305533,6720999731663068646,Coolpad,-,-,KEY_COMPROMISE,07.2025,MTK_KBX_INSECURE
1657009719460706003,14629235450808822995,motorola,-,-,KEY_COMPROMISE,07.2025,MTK_KBX_INSECURE
12382760887107677506,11648272088908549083,motorola,-,-,KEY_COMPROMISE,07.2025,MTK_KBX_INSECURE
5290075768011449057,17380573025504143,Nokia,-,-,KEY_COMPROMISE,07.2025,KBX_PROVISION_FLAW
12727882769221521191,16867976188250038576,Nokia,-,-,KEY_COMPROMISE,07.2025,KBX_PROVISION_FLAW
4887373222093342322,16949723272978169937,Nokia,-,-,KEY_COMPROMISE,07.2025,KBX_PROVISION_FLAW
a2686851fb08c4cc0bfe2178102db951,471c7df99cf520e073a3f3abe48990bb,Nokia,-,-,KEY_COMPROMISE,07.2025,KBX_PROVISION_FLAW
ce8f3231bc015ff94eedf5ef5cee23fb,44ae5748fa318032ae1b5abca0adf107,Nokia,-,-,KEY_COMPROMISE,07.2025,KBX_PROVISION_FLAW
f6e446ac740240c40da061310559b292,34b4a0d417b0ed62fd51624640d6824d,Nokia,-,-,KEY_COMPROMISE,07.2025,KBX_PROVISION_FLAW
480604181613153693,8529039518150983456,2E,-,-,KEY_COMPROMISE,08.2025,MTK_KBX_INSECURE
5680519707671252451,5301832630808147502,Accent,-,-,KEY_COMPROMISE,08.2025,MTK_KBX_INSECURE
13016126258231215997,9001085430538171530,Aiwa,-,-,KEY_COMPROMISE,08.2025,MTK_KBX_INSECURE
14817510909701213406,11236906127068129534,Aiwa,-,-,KEY_COMPROMISE,08.2025,MTK_KBX_INSECURE
2768891787792067213,9103571325247522076,Aiwa,-,-,KEY_COMPROMISE,08.2025,MTK_KBX_INSECURE
17281477583074560859,6266234537693127606,AllCall,-,-,KEY_COMPROMISE,08.2025,MTK_KBX_INSECURE
5434348262883859000,16083688311809392027,AllCall,-,-,KEY_COMPROMISE,08.2025,MTK_KBX_INSECURE
14198390392298245840,15093573341101648315,AllCall,-,-,KEY_COMPROMISE,08.2025,MTK_KBX_INSECURE
7205795107228334403,10856886965364827608,AllCall,-,-,KEY_COMPROMISE,08.2025,MTK_KBX_INSECURE
10151534552652491358,7296833300459271138,Artel,-,-,KEY_COMPROMISE,08.2025,MTK_KBX_INSECURE
8254697492792340289,540776138640282105,Asanzo,-,-,KEY_COMPROMISE,08.2025,MTK_KBX_INSECURE
12412861312283377620,7869483650116674081,ASTON,-,-,KEY_COMPROMISE,08.2025,MTK_KBX_INSECURE
11926424219521619799,15237602838318511633,ASUS,-,-,KEY_COMPROMISE,08.2025,KBX_PROVISION_FLAW
15921532954798316750,1396669393441019817,ASUS,-,-,KEY_COMPROMISE,08.2025,KBX_PROVISION_FLAW
12884658342597445016,1999654973970450856,ASUS,-,-,KEY_COMPROMISE,08.2025,KBX_PROVISION_FLAW
1636121710021447406,13463063328981244040,ASUS,-,-,KEY_COMPROMISE,08.2025,KBX_PROVISION_FLAW
4699063862646086612,9295485713364907827,ASUS,-,-,KEY_COMPROMISE,08.2025,KBX_PROVISION_FLAW
1879064933324107303,4537107101591365493,ASUS,-,-,KEY_COMPROMISE,08.2025,KBX_PROVISION_FLAW
5618217174712862186,17205637386114826734,ASUS,-,-,KEY_COMPROMISE,08.2025,KBX_PROVISION_FLAW
5984926447889374946,11426090564971154373,Attila,-,-,KEY_COMPROMISE,08.2025,MTK_KBX_INSECURE
15172445855294190836,3057108487802651567,Beyond,-,-,KEY_COMPROMISE,08.2025,MTK_KBX_INSECURE
199057101012992147,5248101080192957782,Black Fox,-,-,KEY_COMPROMISE,08.2025,MTK_KBX_INSECURE
18325290250999405838,11864459874847653949,Black Fox,-,-,KEY_COMPROMISE,08.2025,MTK_KBX_INSECURE
7613098262339573055,3596539850627881994,Black Fox,-,-,KEY_COMPROMISE,08.2025,MTK_KBX_INSECURE
10987203695478596553,690188874362017322,Blackview,-,-,KEY_COMPROMISE,08.2025,MTK_KBX_INSECURE
6314499094396392336,10894974863040932297,Blackview,-,-,KEY_COMPROMISE,08.2025,MTK_KBX_INSECURE
9789376583919182496,6431861224350822417,Blackview,-,-,KEY_COMPROMISE,08.2025,MTK_KBX_INSECURE
12440699974482646153,2448745737464712437,Blackview,-,-,KEY_COMPROMISE,08.2025,MTK_KBX_INSECURE
2036103400951746695,13158167003445780030,Blackview,-,-,KEY_COMPROMISE,08.2025,MTK_KBX_INSECURE
3369217829809644472,10165912335281309620,Blackview,-,-,KEY_COMPROMISE,08.2025,MTK_KBX_INSECURE
18017139757995036617,10588157332417374689,Blackview,-,-,KEY_COMPROMISE,08.2025,MTK_KBX_INSECURE
10970760747142499724,852178832467359626,Blackview,-,-,KEY_COMPROMISE,08.2025,MTK_KBX_INSECURE
12750535224764473269,11583477599706239186,Blackview,-,-,KEY_COMPROMISE,08.2025,MTK_KBX_INSECURE
18065947661702255587,12993233471673097386,Blackview,-,-,KEY_COMPROMISE,08.2025,MTK_KBX_INSECURE
6078445944835408463,12347411428157333921,Blackview,-,-,KEY_COMPROMISE,08.2025,MTK_KBX_INSECURE
17346013386575366514,13816906113985538291,Blackview,-,-,KEY_COMPROMISE,08.2025,MTK_KBX_INSECURE
10430052664608158840,18127040716910446400,Blackview,-,-,KEY_COMPROMISE,08.2025,MTK_KBX_INSECURE
3492469437441115310,4876716351737736874,Blaupunkt,-,-,KEY_COMPROMISE,08.2025,MTK_KBX_INSECURE
17092629720176441172,8999610186873459994,BLU,-,-,KEY_COMPROMISE,08.2025,MTK_KBX_INSECURE
5559493163672953260,6215428909180652906,BLU,-,-,KEY_COMPROMISE,08.2025,MTK_KBX_INSECURE
207950344729808958,12711003165437899524,BLU,-,-,KEY_COMPROMISE,08.2025,MTK_KBX_INSECURE
4777528291804108106,4190734131941970078,BLU,-,-,KEY_COMPROMISE,08.2025,MTK_KBX_INSECURE
14954278535866762424,4771722278105691179,BLU,-,-,KEY_COMPROMISE,08.2025,MTK_KBX_INSECURE
3469314107818190283,4244194439563509169,BLU,-,-,KEY_COMPROMISE,08.2025,MTK_KBX_INSECURE
b36d739e5f3187eea447c72883d568fd,4c96df749aba51868e25fa11fdb45471,BLU,-,-,KEY_COMPROMISE,08.2025,MTK_KBX_INSECURE
da91907fc06f7265ce14e0f5ecef881,3c97bc8b128e27bd86dedbc356799368,BLU,-,-,KEY_COMPROMISE,08.2025,MTK_KBX_INSECURE
ddf1398f67049a387200a662fb5966ba,b4b44777fb2abd218763ad53c859e4f2,BLU,-,-,KEY_COMPROMISE,08.2025,MTK_KBX_INSECURE
3136911470354531551,5721411531008630466,BLU,-,-,KEY_COMPROMISE,08.2025,MTK_KBX_INSECURE
8877826622964435265,2058929095613872674,BLU,-,-,KEY_COMPROMISE,08.2025,MTK_KBX_INSECURE
7838860221554878142,10658388162885226188,BLU,-,-,KEY_COMPROMISE,08.2025,MTK_KBX_INSECURE
4244112697541675905,6384110265612868787,BLU,-,-,KEY_COMPROMISE,08.2025,MTK_KBX_INSECURE
9674823878761284737,7906519856644422352,BLU,-,-,KEY_COMPROMISE,08.2025,MTK_KBX_INSECURE
11621262906739291933,8266499755403157000,BLU,-,-,KEY_COMPROMISE,08.2025,MTK_KBX_INSECURE
11446673340309325834,5595868435203221182,BLU,-,-,KEY_COMPROMISE,08.2025,MTK_KBX_INSECURE
2305953910318018828,2043570936370924916,BLU,-,-,KEY_COMPROMISE,08.2025,MTK_KBX_INSECURE
4257270056053004015,2626986754774414337,BLU,-,-,KEY_COMPROMISE,08.2025,MTK_KBX_INSECURE
15783291925226266668,8247663190738773719,BLU,-,-,KEY_COMPROMISE,08.2025,MTK_KBX_INSECURE
f1f4523186c603dcdda514432a0d9158,c4303465bd32362fc6fed4a01a3f19bd,BLU,-,-,KEY_COMPROMISE,08.2025,MTK_KBX_INSECURE
16177501592008491498,2967793327131926569,Bluedigit,-,-,KEY_COMPROMISE,08.2025,MTK_KBX_INSECURE
4001041980790475872,6024981545325240429,Bluedigit,-,-,KEY_COMPROMISE,08.2025,MTK_KBX_INSECURE
1042692182988543064,12740123250902511353,Bluedigit,-,-,KEY_COMPROMISE,08.2025,MTK_KBX_INSECURE
14138404312546869696,15851093099150490149,BQ,-,-,KEY_COMPROMISE,08.2025,MTK_KBX_INSECURE
4774604430491764237,4133931105009617417,BQ,-,-,KEY_COMPROMISE,08.2025,MTK_KBX_INSECURE
4246735952745635362,5520033523652459880,BQ,-,-,KEY_COMPROMISE,08.2025,MTK_KBX_INSECURE
6656867517991320572,18235090640525562043,BQ,-,-,KEY_COMPROMISE,08.2025,MTK_KBX_INSECURE
13583584461733590426,9240395337420721113,BQ,-,-,KEY_COMPROMISE,08.2025,MTK_KBX_INSECURE
4596326472739479633,6472230652708713796,BQ,-,-,KEY_COMPROMISE,08.2025,MTK_KBX_INSECURE
10755148690298972126,480415828407507926,BQ,-,-,KEY_COMPROMISE,08.2025,MTK_KBX_INSECURE
6958416381968277445,8943524085641609140,BQ,-,-,KEY_COMPROMISE,08.2025,MTK_KBX_INSECURE
10870833198429780968,15709046292275832488,BQ,-,-,KEY_COMPROMISE,08.2025,MTK_KBX_INSECURE
297a0c96bc43c49b06a62504973af84c,bc7638621c792e3acfd57ea7a2ce9e61,BQ,-,-,KEY_COMPROMISE,08.2025,MTK_KBX_INSECURE
14950116763454956609,11295137960653426978,Bravis,-,-,KEY_COMPROMISE,08.2025,MTK_KBX_INSECURE
12041006160347709930,9109078217573674786,Bravis,-,-,KEY_COMPROMISE,08.2025,MTK_KBX_INSECURE
1631231031743678035,5942291371609001569,Camfone,-,-,KEY_COMPROMISE,08.2025,MTK_KBX_INSECURE
356158660562279081,91053910678415217,Cherry Mobile,-,-,KEY_COMPROMISE,08.2025,MTK_KBX_INSECURE
10948196528529272707,12685566618912378853,Chuwi,-,-,KEY_COMPROMISE,08.2025,MTK_KBX_INSECURE
6179639794735792268,13270118151786508748,Conquest,-,-,KEY_COMPROMISE,08.2025,MTK_KBX_INSECURE
e2938b086c81cf2606e4bd5976c57235,79bc8f505652e1cd738ca0a5e840ce92,Conquest,-,-,KEY_COMPROMISE,08.2025,MTK_KBX_INSECURE
8584757492144153821,18338809578830286245,Coolpad,-,-,KEY_COMPROMISE,08.2025,MTK_KBX_INSECURE
2999918015350439217,3890844563203715886,Cubot,-,-,KEY_COMPROMISE,08.2025,MTK_KBX_INSECURE
17614719585517836521,6845476658598762307,Cubot,-,-,KEY_COMPROMISE,08.2025,MTK_KBX_INSECURE
3220701687493395303,2414749361806573685,Cubot,-,-,KEY_COMPROMISE,08.2025,MTK_KBX_INSECURE
13203273137387840871,15616293595454339425,Cubot,-,-,KEY_COMPROMISE,08.2025,MTK_KBX_INSECURE
16029080075788417340,9942499484304875602,Cubot,-,-,KEY_COMPROMISE,08.2025,MTK_KBX_INSECURE
10520654472332114603,4403661617670347298,Cubot,-,-,KEY_COMPROMISE,08.2025,MTK_KBX_INSECURE
13108834261411770917,14424249009018232651,Cubot,-,-,KEY_COMPROMISE,08.2025,MTK_KBX_INSECURE
95dad3649151e8c7906097252cb200be,1c1c654a9f4c911f55180ebc8c6fe337,DEXP,-,-,KEY_COMPROMISE,08.2025,MTK_KBX_INSECURE
13449635f3095cc0a7491bcaa11c9eb5,9615ed19ad888ade8a808f4384b5eb10,DEXP,-,-,KEY_COMPROMISE,08.2025,MTK_KBX_INSECURE
11556268931938439440,14129494503727708763,DEXP,-,-,KEY_COMPROMISE,08.2025,MTK_KBX_INSECURE
2610722164823401236,13073665550363658569,DEXP,-,-,KEY_COMPROMISE,08.2025,MTK_KBX_INSECURE
5653195812317178401,11985225948901866286,DEXP,-,-,KEY_COMPROMISE,08.2025,MTK_KBX_INSECURE
10386951761120887857,14276430278421030590,DEXP,-,-,KEY_COMPROMISE,08.2025,MTK_KBX_INSECURE
13443865958562313610,12026999060325170196,DEXP,-,-,KEY_COMPROMISE,08.2025,MTK_KBX_INSECURE
10503640485383225508,7592586440524122039,DEXP,-,-,KEY_COMPROMISE,08.2025,MTK_KBX_INSECURE
15794191584265602614,16981179658119560111,DEYI,-,-,KEY_COMPROMISE,08.2025,MTK_KBX_INSECURE
6947913200808405282,2084693906571218416,Diamond,-,-,KEY_COMPROMISE,08.2025,MTK_KBX_INSECURE
8999437994196293062,2365803809956636991,Digi,-,-,KEY_COMPROMISE,08.2025,MTK_KBX_INSECURE
11021247239387126276,11343029270043769652,Digi,-,-,KEY_COMPROMISE,08.2025,MTK_KBX_INSECURE
17259279288015542168,537095085985289061,Digma,-,-,KEY_COMPROMISE,08.2025,MTK_KBX_INSECURE
5912429558508703177,7733064033910177163,Ding Ding,-,-,KEY_COMPROMISE,08.2025,MTK_KBX_INSECURE
16145522964484803984,16123064628595456725,Ding Ding,-,-,KEY_COMPROMISE,08.2025,MTK_KBX_INSECURE
13361542902277157563,14274720142416487211,Doogee,-,-,KEY_COMPROMISE,08.2025,MTK_KBX_INSECURE
6ffd11a7535aa71e8bd96e2a8438161f,857ee301315df680e6b04e34c4bf71c2,Doogee,-,-,KEY_COMPROMISE,08.2025,MTK_KBX_INSECURE
a1900c8f0e34ba9617212d04b785f1f2,848822c9f6f0de69217c4756f545f941,Doogee,-,-,KEY_COMPROMISE,08.2025,MTK_KBX_INSECURE
cc88f4838f5472d797162816525df637,335f0f453bd765f31eb9315a4503b248,Doogee,-,-,KEY_COMPROMISE,08.2025,MTK_KBX_INSECURE
8920a0dca660b4de24989789419040d0,66ed62c5107c53e2e0a3dd9edd172f42,Doogee,-,-,KEY_COMPROMISE,08.2025,MTK_KBX_INSECURE
2c3333350ff7fe82eb92326dbc5a8343,2f943c79472ed888b34d169b42831c98,Doogee,-,-,KEY_COMPROMISE,08.2025,MTK_KBX_INSECURE
9135401c2a182f1faf7db7f83be9269e,5c56c6cb938e171e2963b0c27052fd96,Doogee,-,-,KEY_COMPROMISE,08.2025,MTK_KBX_INSECURE
32704883a52c516fe88cfe2543b8793d,ad18b4facfa6ab580a8e594559e367a5,Doogee,-,-,KEY_COMPROMISE,08.2025,KBX_ROTATION_FLAW
12124067154144869908,12315714480640813453,Doogee,-,-,KEY_COMPROMISE,08.2025,MTK_KBX_INSECURE
15541794644538864372,10157648723339399158,Doogee,-,-,KEY_COMPROMISE,08.2025,MTK_KBX_INSECURE
6068574196472014291,5776829472166102571,Doogee,-,-,KEY_COMPROMISE,08.2025,MTK_KBX_INSECURE
cb802a7b53bd04677f632dbc5c7efd18,363b58d384617214952393ee0f0769e7,Doogee,-,-,KEY_COMPROMISE,08.2025,KBX_ROTATION_FLAW
525cfb4e952ed2040664b30d4d18580f,dfcf9d7f582370290bf3f4b51443c231,Doogee,-,-,KEY_COMPROMISE,08.2025,KBX_ROTATION_FLAW
7272698842840182778,18353630940606423474,Doogee,-,-,KEY_COMPROMISE,08.2025,MTK_KBX_INSECURE
9516882001730828910,2332493357804808652,Doogee,-,-,KEY_COMPROMISE,08.2025,MTK_KBX_INSECURE
14178673755850035546,17788833436241575035,Doogee,-,-,KEY_COMPROMISE,08.2025,MTK_KBX_INSECURE
6c21d7c6a992585458d76541ac7328e,b3002b7ec336c18fcb1ab041984e0264,Doogee,-,-,KEY_COMPROMISE,08.2025,KBX_ROTATION_FLAW
af5d5e61fc239e7bc20845a7ea6f868,f1ee7d0efdf96bd7b6565609f1d6f327,Doogee,-,-,KEY_COMPROMISE,08.2025,MTK_KBX_INSECURE
a2f88d5ab87629e46391a14e851baaa0,44b574ecab8279e9dd7db8ef4c1e5fbd,Doogee,-,-,KEY_COMPROMISE,08.2025,MTK_KBX_INSECURE
1fac7a0e630aca898bbfcdd08fabe961,2a0a6263dcc251931100f4e7c1ea47ee,Doogee,-,-,KEY_COMPROMISE,08.2025,MTK_KBX_INSECURE
c506b6f7c02543fabeb982fd406dda6b,7e2ad13e8cef66a73e8c07fb190b4593,Doogee,-,-,KEY_COMPROMISE,08.2025,MTK_KBX_INSECURE
c29920310d816cb8c6d7c32ddeb74426,9bcb2fa3dc609a232fabb4acf47ff643,Doogee,-,-,KEY_COMPROMISE,08.2025,MTK_KBX_INSECURE
630c3c1fd533b475f3bd8643be56855b,43de5a22442aab64f21b36b8cf1aabc5,Doogee,-,-,KEY_COMPROMISE,08.2025,MTK_KBX_INSECURE
10669194327302401006,12866531696646603106,Doogee,-,-,KEY_COMPROMISE,08.2025,MTK_KBX_INSECURE
9347ffc68a4548e943cf4525ed949c56,aa4cc63306ad8b488ca50fb8a9cb9967,Doogee,-,-,KEY_COMPROMISE,08.2025,MTK_KBX_INSECURE
b0f4eb8b70fdea495ad8e79bf7d2878b,f753a805976b3d6fb2ee0fc494f5bd1a,Doogee,-,-,KEY_COMPROMISE,08.2025,MTK_KBX_INSECURE
cc4610d83858753b037c801400f515e9,571aafec5d68d1ddbf88dea03ee1e977,Doogee,-,-,KEY_COMPROMISE,08.2025,MTK_KBX_INSECURE
69c30c8d5e01aaf82d72b3e5d457a325,4079b8daceb536da9e2de0264b7af284,Doogee,-,-,KEY_COMPROMISE,08.2025,MTK_KBX_INSECURE
67c42368dbea779f36e94c82d64e8b5e,4d00b5def81144c7b9feb069ae89eb43,Doogee,-,-,KEY_COMPROMISE,08.2025,MTK_KBX_INSECURE
b1305cdd6b198284c6138fcd6ae4886f,6872f512e76889a7fcfee90307a3a359,Doogee,-,-,KEY_COMPROMISE,08.2025,MTK_KBX_DECKEY_COMPROMISE
88e69bec924183d8cfc1694794a54455,211f135c362ed16f7d1af36c21c631bb,Doogee,-,-,KEY_COMPROMISE,08.2025,KBX_ROTATION_FLAW
b3084eb0f2e1f9fc9a84cfe203444ac3,53fd2e7ba250934d5ff8656a8cc092dc,Doogee,-,-,KEY_COMPROMISE,08.2025,MTK_KBX_INSECURE
e2f570423622e17c7b94a0bd0303be1f,b6a0854982f30fe5b4bb1140c5f15828,Doogee,-,-,KEY_COMPROMISE,08.2025,MTK_KBX_INSECURE
49a3cca479f919f7e2eecd46ba03f18c,e7594633689a9c6ff61f43a14bb7264b,Doogee,-,-,KEY_COMPROMISE,08.2025,MTK_KBX_INSECURE
a7f2499c07431ce93dda75689059ca9f,68f160decbbc137fc13654da22aec60e,Doogee,-,-,KEY_COMPROMISE,08.2025,MTK_KBX_INSECURE
a3dba33972905c78edc7a0614342a055,cd19fd245ab43d990ab2b420b80c5f83,Doogee,-,-,KEY_COMPROMISE,08.2025,MTK_KBX_INSECURE
4a910c4d69c595b6d5c2721cf791704d,4274076a3016a000fc9198137d495452,Doogee,-,-,KEY_COMPROMISE,08.2025,MTK_KBX_INSECURE
eedd350c1c345cc7a33a6fb3c843434b,a9aee7973c3dc9237b2460535956f7f7,Doogee,-,-,KEY_COMPROMISE,08.2025,MTK_KBX_INSECURE
73fa734f676ed21994892e123419a1aa,d16454bffbb7279183b14b142920606c,Doogee,-,-,KEY_COMPROMISE,08.2025,MTK_KBX_INSECURE
9718224194265069144,705967509919387804,Doogee,-,-,KEY_COMPROMISE,08.2025,MTK_KBX_INSECURE
13104629854399997016,13742907873369814442,Doogee,-,-,KEY_COMPROMISE,08.2025,MTK_KBX_INSECURE
e6034a08361a8aa901a2fedfa4dce3b,dbd25c993e9be47ff82178c4adbca36,Doogee,-,-,KEY_COMPROMISE,08.2025,KBX_ROTATION_FLAW
76f80dd60d857d87ef1f053496fc1821,46459cd05847f537c3c7723e25281394,Doogee,-,-,KEY_COMPROMISE,08.2025,MTK_KBX_INSECURE
28b892a252632fc59b435345b4f24c6a,f4a437d51d63fae8e0090dee46d2bea4,Doogee,-,-,KEY_COMPROMISE,08.2025,MTK_KBX_INSECURE
71bbfa3e3c91515732e97c3395f2446d,4a8da09429f03c9bdcc1fe9d944a4460,Doogee,-,-,KEY_COMPROMISE,08.2025,MTK_KBX_INSECURE
c008a47de3341cbf1cec5f37c16afe8a,55d904bf29daadaea3571789d12f1b77,Doogee,-,-,KEY_COMPROMISE,08.2025,MTK_KBX_INSECURE
15608854798728901149,4585112902792401582,Doogee,-,-,KEY_COMPROMISE,08.2025,MTK_KBX_INSECURE
18333910997658512402,16775908637767957587,Doogee,-,-,KEY_COMPROMISE,08.2025,MTK_KBX_INSECURE
5556036992137702668,6432276418654803146,Doogee,-,-,KEY_COMPROMISE,08.2025,MTK_KBX_INSECURE
3633852058906365898,9570762950411226120,Doopro,-,-,KEY_COMPROMISE,08.2025,MTK_KBX_INSECURE
14133948743658414510,4761357520814540410,EKINOX,-,-,KEY_COMPROMISE,08.2025,MTK_KBX_INSECURE
6520339913711430772,6805447479791057437,EKINOX,-,-,KEY_COMPROMISE,08.2025,MTK_KBX_INSECURE
2c9dfc307d5c83a8dd5013da6ac969f0,93b4ecdddeb1d085f1945bc486959d29,Elevate,-,-,KEY_COMPROMISE,08.2025,MTK_KBX_INSECURE
9821149884919752854,14456131005212888888,ENIE,-,-,KEY_COMPROMISE,08.2025,MTK_KBX_INSECURE
12938462621711062726,640299335692161605,Evertek,-,-,KEY_COMPROMISE,08.2025,MTK_KBX_INSECURE
2451894316101588135,13802469873676260745,EXO,-,-,KEY_COMPROMISE,08.2025,MTK_KBX_INSECURE
11874732748150701975,6000171290449352369,FiGi,-,-,KEY_COMPROMISE,08.2025,MTK_KBX_INSECURE
875259389457378928,8462373919572375367,FiGi,-,-,KEY_COMPROMISE,08.2025,MTK_KBX_INSECURE
10371868144541985161,16417416155003088934,FiGi,-,-,KEY_COMPROMISE,08.2025,MTK_KBX_INSECURE
17548287312005733056,16420502866464731957,FiGO,-,-,KEY_COMPROMISE,08.2025,MTK_KBX_INSECURE
17861599165324114922,4941276985384179001,Fly,-,-,KEY_COMPROMISE,08.2025,MTK_KBX_INSECURE
3960050646685267161,6243221578135081689,Fly,-,-,KEY_COMPROMISE,08.2025,MTK_KBX_INSECURE
17591370183096096748,7705576159423732151,Fly,-,-,KEY_COMPROMISE,08.2025,MTK_KBX_INSECURE
11512276038777726519,16355745747728464669,G-TiDE,-,-,KEY_COMPROMISE,08.2025,MTK_KBX_INSECURE
9466797336255776346,739037537668426731,Gertec,-,-,KEY_COMPROMISE,08.2025,MTK_KBX_INSECURE
16751907249449052266,14061844977130087294,Gome,-,-,KEY_COMPROMISE,08.2025,MTK_KBX_INSECURE
15946210378314886776,4157570539419464511,Gome,-,-,KEY_COMPROMISE,08.2025,MTK_KBX_INSECURE
9047000191502040228,7388354637772547121,Haier,-,-,KEY_COMPROMISE,08.2025,MTK_KBX_INSECURE
12125784661527187581,16912160981546642841,Haier,-,-,KEY_COMPROMISE,08.2025,MTK_KBX_INSECURE
17429552170789960129,14091859884736110660,Haier,-,-,KEY_COMPROMISE,08.2025,MTK_KBX_INSECURE
12308346969947379602,10855771135573253987,Haier,-,-,KEY_COMPROMISE,08.2025,MTK_KBX_INSECURE
2325436810252348399,2281815231867254003,Haier,-,-,KEY_COMPROMISE,08.2025,MTK_KBX_INSECURE
2964558319508447851,12082992373841950556,Haier,-,-,KEY_COMPROMISE,08.2025,MTK_KBX_INSECURE
8791430520893620478,14153232148478076844,HiKING,-,-,KEY_COMPROMISE,08.2025,MTK_KBX_INSECURE
8907788636616444001,4448127872971812347,Hisense,-,-,KEY_COMPROMISE,08.2025,MTK_KBX_INSECURE
11773818262460943534,4500443852310746091,Hisense,-,-,KEY_COMPROMISE,08.2025,MTK_KBX_INSECURE
17322925731571151656,10211210171941726332,Hisense,-,-,KEY_COMPROMISE,08.2025,MTK_KBX_INSECURE
8643095593164647527,16519581990451159700,HIYA,-,-,KEY_COMPROMISE,08.2025,MTK_KBX_INSECURE
12213856392806142261,12097639883054175609,HIYA,-,-,KEY_COMPROMISE,08.2025,MTK_KBX_INSECURE
11754774816133914731,15255453077870761064,HIYA,-,-,KEY_COMPROMISE,08.2025,MTK_KBX_INSECURE
13444704245572892424,5821010432593367650,HomTom,-,-,KEY_COMPROMISE,08.2025,MTK_KBX_INSECURE
12537545664770343750,18092278167672064165,HOTWAV,-,-,KEY_COMPROMISE,08.2025,MTK_KBX_INSECURE
12547921473810742519,18112454405566794601,HOTWAV,-,-,KEY_COMPROMISE,08.2025,MTK_KBX_INSECURE
12850134514334640470,16969857508364139166,HOTWAV,-,-,KEY_COMPROMISE,08.2025,MTK_KBX_INSECURE
8055778246453368536,17781464146189300114,HSEM,-,-,KEY_COMPROMISE,08.2025,MTK_KBX_INSECURE
11703829924370571030,3867650779728870809,Hyundai,-,-,KEY_COMPROMISE,08.2025,MTK_KBX_INSECURE
15105908452061857335,1163679018842912827,Hyundai,-,-,KEY_COMPROMISE,08.2025,MTK_KBX_INSECURE
17573046711577141589,11633955053719638886,Hyundai,-,-,KEY_COMPROMISE,08.2025,MTK_KBX_INSECURE
4117092961177116291,5366349213120172684,iHunt,-,-,KEY_COMPROMISE,08.2025,MTK_KBX_INSECURE
3348342077659161193,3462898713538971500,iLA,-,-,KEY_COMPROMISE,08.2025,MTK_KBX_INSECURE
6207847524522671663,7084566599389118991,iLA,-,-,KEY_COMPROMISE,08.2025,MTK_KBX_INSECURE
3186422411496792463,8195874365587446935,INOI,-,-,KEY_COMPROMISE,08.2025,MTK_KBX_INSECURE
6609885515635822475,12839798118613948296,INOI,-,-,KEY_COMPROMISE,08.2025,MTK_KBX_INSECURE
15731961713592405790,1915331135472335973,INOI,-,-,KEY_COMPROMISE,08.2025,MTK_KBX_INSECURE
11793270943335100104,2689876706098565391,INOI,-,-,KEY_COMPROMISE,08.2025,MTK_KBX_INSECURE
4613727233318672247,12894216054197351841,INOI,-,-,KEY_COMPROMISE,08.2025,MTK_KBX_INSECURE
13159914788299245104,8112959517181856483,INOI,-,-,KEY_COMPROMISE,08.2025,MTK_KBX_INSECURE
1056928670469974029,13262589442095334724,INOI,-,-,KEY_COMPROMISE,08.2025,MTK_KBX_INSECURE
7654110745444903992,13923942323265098979,INOI,-,-,KEY_COMPROMISE,08.2025,MTK_KBX_INSECURE
13351543309124393673,688298507510234617,INOI,-,-,KEY_COMPROMISE,08.2025,MTK_KBX_INSECURE
5088534581942862282,8500931610636173759,INOI,-,-,KEY_COMPROMISE,08.2025,MTK_KBX_INSECURE
16456899289897394777,9508271318689861258,iPRO,-,-,KEY_COMPROMISE,08.2025,MTK_KBX_INSECURE
12929480697175245848,5958074546431617878,iPRO,-,-,KEY_COMPROMISE,08.2025,MTK_KBX_INSECURE
15306873125351765021,16392576854441187415,IRBIS,-,-,KEY_COMPROMISE,08.2025,MTK_KBX_INSECURE
9267780295697823234,14939597911001240500,iVOOMi,-,-,KEY_COMPROMISE,08.2025,MTK_KBX_INSECURE
9080341327471553837,6444002174292990019,iVOOMi,-,-,KEY_COMPROMISE,08.2025,MTK_KBX_INSECURE
14923883194495867925,8311609344400008385,iVOOMi,-,-,KEY_COMPROMISE,08.2025,MTK_KBX_INSECURE
12866679176397116854,3630625609915174077,Jinga,-,-,KEY_COMPROMISE,08.2025,MTK_KBX_INSECURE
15137939574581789583,18184297482379672095,Jinga,-,-,KEY_COMPROMISE,08.2025,MTK_KBX_INSECURE
2980282640739128821,649360166599737588,Kalley,-,-,KEY_COMPROMISE,08.2025,MTK_KBX_INSECURE
3140841167294297979,14680182036657129094,KENBO,-,-,KEY_COMPROMISE,08.2025,MTK_KBX_INSECURE
13376476930900514844,1226058178906347971,Kiowa,-,-,KEY_COMPROMISE,08.2025,MTK_KBX_INSECURE
16401128515427511823,8071712549586605652,Konrow,-,-,KEY_COMPROMISE,08.2025,MTK_KBX_INSECURE
3803399066106195372,4850150526033902579,Konrow,-,-,KEY_COMPROMISE,08.2025,MTK_KBX_INSECURE
8427912446708508364,11624990138741648241,Konrow,-,-,KEY_COMPROMISE,08.2025,MTK_KBX_INSECURE
12666018646569633770,263571180357031733,Koolnee,-,-,KEY_COMPROMISE,08.2025,MTK_KBX_INSECURE
7122633757601724173,3222672929701764054,Koolnee,-,-,KEY_COMPROMISE,08.2025,MTK_KBX_INSECURE
911664501564355968,17134163023937622431,Kruger & Matz,-,-,KEY_COMPROMISE,08.2025,MTK_KBX_INSECURE
12494300043652991895,17881384239267060457,Kruger & Matz,-,-,KEY_COMPROMISE,08.2025,MTK_KBX_INSECURE
4730217778601012084,2685517076287999755,Lanix,-,-,KEY_COMPROMISE,08.2025,MTK_KBX_INSECURE
6786380292256834507,8941912783345790562,Lanix,-,-,KEY_COMPROMISE,08.2025,MTK_KBX_INSECURE
3716712199382672120,2217036293500859312,Lanix,-,-,KEY_COMPROMISE,08.2025,MTK_KBX_INSECURE
946018607507967448,5706914914447015129,Lanix,-,-,KEY_COMPROMISE,08.2025,MTK_KBX_INSECURE
5270701338302942991,17686781759454046463,Lanix,-,-,KEY_COMPROMISE,08.2025,MTK_KBX_INSECURE
5c9e45bebc8679f53e878e309ba1218f,6a566a90b053475acbfb98c2ca220021,Lava,-,-,KEY_COMPROMISE,08.2025,KBX_ROTATION_FLAW
5fafe30ef9b509e17aa4cb3c4ac2432f,33bb605c360d72914425fc7e0f468e98,Lava,-,-,KEY_COMPROMISE,08.2025,KBX_ROTATION_FLAW
d216865c5292e5395d4b3ed2be0c4fbf,ad7a0d5e1a976e380da8a746b072fe07,Lava,-,-,KEY_COMPROMISE,08.2025,KBX_ROTATION_FLAW
9f013bb1fa3222816a74b0ce6cd076b8,d18dfff35d1ac389d51503c21a8768cb,Lava,-,-,KEY_COMPROMISE,08.2025,KBX_ROTATION_FLAW
5570190545738416517,7134959736415654664,Leagoo,-,-,KEY_COMPROMISE,08.2025,MTK_KBX_INSECURE
9055263122838778100,14988324393690617044,Leagoo,-,-,KEY_COMPROMISE,08.2025,MTK_KBX_INSECURE
17617756295375637730,13299165965559502092,Leagoo,-,-,KEY_COMPROMISE,08.2025,MTK_KBX_INSECURE
6880795284458473500,3823710094411334635,Leagoo,-,-,KEY_COMPROMISE,08.2025,MTK_KBX_INSECURE
1479240847393204011,2969505108048152798,Leagoo,-,-,KEY_COMPROMISE,08.2025,MTK_KBX_INSECURE
11947125996355802600,10359833041203958171,Leagoo,-,-,KEY_COMPROMISE,08.2025,MTK_KBX_INSECURE
15941200544319960943,13441972794592342963,Leagoo,-,-,KEY_COMPROMISE,08.2025,MTK_KBX_INSECURE
16523885828266638376,7942544756628037754,Leagoo,-,-,KEY_COMPROMISE,08.2025,MTK_KBX_INSECURE
8115614470879371282,1270825939118342071,Leagoo,-,-,KEY_COMPROMISE,08.2025,MTK_KBX_INSECURE
13598415209206155272,4107973426586205194,Leagoo,-,-,KEY_COMPROMISE,08.2025,MTK_KBX_INSECURE
11619874356085575617,6558326107809454850,Leagoo,-,-,KEY_COMPROMISE,08.2025,MTK_KBX_INSECURE
9272390011886656089,9388906920678654636,Leagoo,-,-,KEY_COMPROMISE,08.2025,MTK_KBX_INSECURE
10590419535208261705,16750824668855670849,Leagoo,-,-,KEY_COMPROMISE,08.2025,MTK_KBX_INSECURE
13616625207942579892,1328245255666024495,Leagoo,-,-,KEY_COMPROMISE,08.2025,MTK_KBX_INSECURE
3503293220075342146,11817991001385968741,Leagoo,-,-,KEY_COMPROMISE,08.2025,MTK_KBX_INSECURE
5239959167856611706,14089190846422478751,Lenovo,-,-,KEY_COMPROMISE,08.2025,KBX_PROVISION_FLAW
12378906362028415651,11204394266010843113,Logicom,-,-,KEY_COMPROMISE,08.2025,MTK_KBX_INSECURE
12017306725415636169,8848169697284734027,Masstel,-,-,KEY_COMPROMISE,08.2025,MTK_KBX_INSECURE
1452953562818154128,7981869595430595422,Masstel,-,-,KEY_COMPROMISE,08.2025,MTK_KBX_INSECURE
7932106075041353004,4798033116238914812,MI,-,-,KEY_COMPROMISE,08.2025,MTK_KBX_INSECURE
8347887615065805421,11733351138301101177,Mobiistar,-,-,KEY_COMPROMISE,08.2025,MTK_KBX_INSECURE
12895023700217504488,11851637185500813619,motorola,-,-,KEY_COMPROMISE,08.2025,MTK_KBX_INSECURE
14878995176060583154,12192488375890257623,Multilaser,-,-,KEY_COMPROMISE,08.2025,MTK_KBX_INSECURE
691600efc109f66a34b42e744c1a94f0,e7cfba03d8313a3cad59ef9fc83cc38b,Multilaser,-,-,KEY_COMPROMISE,08.2025,MTK_KBX_INSECURE
10667604468364060721,3841480909321250032,Multilaser,-,-,KEY_COMPROMISE,08.2025,OEM_PACKAGE
11139898914057322454,5444971235494734117,Multilaser,-,-,KEY_COMPROMISE,08.2025,THIRD_PARTY_WEBRESOURCE
12298939580228515010,1084705286101344821,Multilaser,-,-,KEY_COMPROMISE,08.2025,MTK_KBX_INSECURE
17166447925880677753,2103969774430070906,Multilaser,-,-,KEY_COMPROMISE,08.2025,MTK_KBX_INSECURE
16963383541113119838,17763536388831665418,Multilaser,-,-,KEY_COMPROMISE,08.2025,MTK_KBX_INSECURE
8936309167481865838,6776156484954651193,Multilaser,-,-,KEY_COMPROMISE,08.2025,MTK_KBX_INSECURE
5801416508326013062,9174183932523732703,Multilaser,-,-,KEY_COMPROMISE,08.2025,MTK_KBX_INSECURE
3863330030684067428,6283154026753754922,MYFON,-,-,KEY_COMPROMISE,08.2025,MTK_KBX_INSECURE
5040674813321038506,8189077274206039187,MYFON,-,-,KEY_COMPROMISE,08.2025,MTK_KBX_INSECURE
6773449812528531006,14159589219790376395,myPhone,-,-,KEY_COMPROMISE,08.2025,MTK_KBX_INSECURE
9967678201400674582,1257582226115082010,myPhone,-,-,KEY_COMPROMISE,08.2025,MTK_KBX_INSECURE
14497459333072564120,9301455284417532272,myPhone,-,-,KEY_COMPROMISE,08.2025,MTK_KBX_INSECURE
2002439975780784871,2108478663166389120,Neffos,-,-,KEY_COMPROMISE,08.2025,MTK_KBX_INSECURE
1464019828488724259,17118167053909861713,NOA,-,-,KEY_COMPROMISE,08.2025,MTK_KBX_INSECURE
9645330052895014933,14943253053993834378,NUU,-,-,KEY_COMPROMISE,08.2025,MTK_KBX_INSECURE
14000298514891905504,13307128211442885806,OALE,-,-,KEY_COMPROMISE,08.2025,MTK_KBX_INSECURE
16238689046636076300,2926930194849214739,OALE,-,-,KEY_COMPROMISE,08.2025,MTK_KBX_INSECURE
746466033575332485,4350988849091209304,OTOT,-,-,KEY_COMPROMISE,08.2025,MTK_KBX_INSECURE
14302672516830334768,8987610991299839523,Oukitel,-,-,KEY_COMPROMISE,08.2025,MTK_KBX_INSECURE
482402277739851513,14962926928628128681,Oukitel,-,-,KEY_COMPROMISE,08.2025,MTK_KBX_INSECURE
15971712673171099023,7308904911014251959,Oukitel,-,-,KEY_COMPROMISE,08.2025,MTK_KBX_INSECURE
7983745845736323815,5583650050998555564,Oukitel,-,-,KEY_COMPROMISE,08.2025,MTK_KBX_INSECURE
18067698762439085170,117641643700904756,Oukitel,-,-,KEY_COMPROMISE,08.2025,MTK_KBX_INSECURE
15949072560434705647,9945465180283798314,Oukitel,-,-,KEY_COMPROMISE,08.2025,MTK_KBX_INSECURE
10307937497649959568,17531757111750907516,Oukitel,-,-,KEY_COMPROMISE,08.2025,MTK_KBX_INSECURE
1574398416009541551,17810662769317925854,Oukitel,-,-,KEY_COMPROMISE,08.2025,MTK_KBX_INSECURE
10023936558530442420,15540274449928055820,Oukitel,-,-,KEY_COMPROMISE,08.2025,MTK_KBX_INSECURE
11385396130763420296,14952269824323253933,Oukitel,-,-,KEY_COMPROMISE,08.2025,MTK_KBX_INSECURE
8750753319430020988,8530114963566697540,Oukitel,-,-,KEY_COMPROMISE,08.2025,MTK_KBX_INSECURE
2c7e7b840ab9683f7ae782fd933a7d4a,b71386868425a23a0ae4ad9471ba5ebb,Oukitel,-,-,KEY_COMPROMISE,08.2025,OEM_PACKAGE
247aea054c0ee0327d15b3f11b5dd943,d5756f8a0113386644fc333cd870d037,Oukitel,-,-,KEY_COMPROMISE,08.2025,OEM_PACKAGE
1213939474804579798,17250654822168542743,Oukitel,-,-,KEY_COMPROMISE,08.2025,MTK_KBX_INSECURE
14556792210715622716,13622725587770745035,Oukitel,-,-,KEY_COMPROMISE,08.2025,MTK_KBX_INSECURE
568037045804733656,5145661097652882615,Oukitel,-,-,KEY_COMPROMISE,08.2025,MTK_KBX_INSECURE
3fb20486820209dfe653cdd949f30299,aede82c13ca66b11e9611910ec33e9d2,Oukitel,-,-,KEY_COMPROMISE,08.2025,MTK_KBX_INSECURE
16289592873577326104,3776381504302433477,Oukitel,-,-,KEY_COMPROMISE,08.2025,MTK_KBX_INSECURE
11995874578710510095,7926549934346456291,Oukitel,-,-,KEY_COMPROMISE,08.2025,MTK_KBX_INSECURE
6e80d2c47c4ed576f68290e7757868f0,f776595340b72c37b1c15665bfaa72ee,Oukitel,-,-,KEY_COMPROMISE,08.2025,MTK_KBX_INSECURE
94e57eb2a219398728ab8ba895acf9e5,e1985699e0b679e931beac1ec2124446,Oukitel,-,-,KEY_COMPROMISE,08.2025,MTK_KBX_INSECURE
7396599253353853529,15947460291329884115,Oukitel,-,-,KEY_COMPROMISE,08.2025,MTK_KBX_INSECURE
5678915102142986730,13225566063780025714,Panasonic,-,-,KEY_COMPROMISE,08.2025,MTK_KBX_INSECURE
13177714475364809858,13126455043611858051,Panasonic,-,-,KEY_COMPROMISE,08.2025,MTK_KBX_INSECURE
2112119863012824985,11339079158700393097,Pixus,-,-,KEY_COMPROMISE,08.2025,MTK_KBX_INSECURE
4254147825792286061,17083988680898330322,Polytron,-,-,KEY_COMPROMISE,08.2025,MTK_KBX_INSECURE
de35a8afb6bfeea1bdc5b6fe49059813,c733bd4692ebfaab9ee2e157c0ff0dc8,Positivo,-,-,KEY_COMPROMISE,08.2025,OEM_PACKAGE
8227678833096416272,2678124270885285508,Premio,-,-,KEY_COMPROMISE,08.2025,MTK_KBX_INSECURE
12288226543848164915,14283460707808447725,Prestigio,-,-,KEY_COMPROMISE,08.2025,MTK_KBX_INSECURE
13808834353403430099,6557201419542074723,Prestigio,-,-,KEY_COMPROMISE,08.2025,MTK_KBX_INSECURE
1527982042581820614,18271488747603317775,Prince,-,-,KEY_COMPROMISE,08.2025,MTK_KBX_INSECURE
16986256465740919702,10718933086896468373,Prince,-,-,KEY_COMPROMISE,08.2025,MTK_KBX_INSECURE
6343132563689194829,1378596816822049706,Proline,-,-,KEY_COMPROMISE,08.2025,MTK_KBX_INSECURE
16207745822015386703,12714164435721273876,QFX,-,-,KEY_COMPROMISE,08.2025,MTK_KBX_INSECURE
10388667388998919914,8514325939042626567,QMobile,-,-,KEY_COMPROMISE,08.2025,MTK_KBX_INSECURE
963768809529433092,11788250767556650409,QMobile,-,-,KEY_COMPROMISE,08.2025,MTK_KBX_INSECURE
9502956134713648853,14966682278936584940,QMobile,-,-,KEY_COMPROMISE,08.2025,OEM_PACKAGE
12094654903452998366,2158993683179455671,Quatro,-,-,KEY_COMPROMISE,08.2025,MTK_KBX_INSECURE
6283901294717629628,15476896354558188036,Raylan,-,-,KEY_COMPROMISE,08.2025,MTK_KBX_INSECURE
1185021245022207357,7203471988301783906,Raylan,-,-,KEY_COMPROMISE,08.2025,MTK_KBX_INSECURE
5551763936800573038,10503725523830304740,Reafoo,-,-,KEY_COMPROMISE,08.2025,MTK_KBX_INSECURE
2820053835759677968,16415197291181805823,Reeder,-,-,KEY_COMPROMISE,08.2025,MTK_KBX_INSECURE
2974222033341634612,16151293829708096214,ROKiT,-,-,KEY_COMPROMISE,08.2025,MTK_KBX_INSECURE
fa003d678f150018b66ee7722cf6d1ca,12b3c54faded363da2e98b3e5551fb5,Samsung,-,-,KEY_COMPROMISE,08.2025,KBX_PROVISION_FLAW
3cc22ee29faeb1f88678172e3580169b,c391a412ce83723712a566de95626413,Samsung,-,-,KEY_COMPROMISE,08.2025,KBX_PROVISION_FLAW
47720c5ce545f6e257f027f8559418b8,N/A,Samsung,-,-,KEY_COMPROMISE,08.2025,KBX_PROVISION_FLAW
ecb0701fef2c709009b4f448e036af06,d01254e614638850ff71e292d9393fa6,Samsung,-,-,KEY_COMPROMISE,08.2025,KBX_PROVISION_FLAW
3fb1d8dfe3d1f1a736309548379fa8b3,74f9b6cef86a78b1e11bb1f0f4cf3031,Samsung,-,-,KEY_COMPROMISE,08.2025,KBX_PROVISION_FLAW
ed7eeb660485b7331003f7775a397004,48deb4be2f87a3af69453a83a99a0abd,Samsung,-,-,KEY_COMPROMISE,08.2025,KBX_PROVISION_FLAW
584822661981e2594d89c04bc0783243,N/A,Samsung,-,-,KEY_COMPROMISE,08.2025,KBX_PROVISION_FLAW
3707baca633c5cccb565a90452b074c9,3041023b002301bb25b41dc01c83bddc,Samsung,-,-,KEY_COMPROMISE,08.2025,KBX_PROVISION_FLAW
c2a17c058413bbad798fbdf7387fac09,40ac2db283366856d3dd06df0e56d7fa,Samsung,-,-,KEY_COMPROMISE,08.2025,KBX_PROVISION_FLAW
3439b76c89282dadba8d72bf6e1091b9,4cef045948674ffca25849dcbd5ab1b4,Samsung,-,-,KEY_COMPROMISE,08.2025,KBX_PROVISION_FLAW
4fe39896504ef94c334d20cb5f990965,4eb8d98cf407ee51d8c9116a23e17bf0,Samsung,-,-,KEY_COMPROMISE,08.2025,KBX_PROVISION_FLAW
e92f185b1d91aae8150a9ecb9ad64abf,eb02c4f0d3c7c31d0af3956243435acf,Samsung,-,-,KEY_COMPROMISE,08.2025,KBX_PROVISION_FLAW
bfc1201a9f509415480832c1bb076dc2,a1a43b860e03143cba1e55b7d8fc530a,Samsung,-,-,KEY_COMPROMISE,08.2025,KBX_PROVISION_FLAW
717253461c4db933a1d4d5a6f79a9585,14c19cf0dc87c31b02b4e35e35359d6a,Samsung,-,-,KEY_COMPROMISE,08.2025,KBX_PROVISION_FLAW
7ca71ac5d164067a951d2e5c7f226fc1,838a5be94c6b9bb6e29caea816503508,Samsung,-,-,KEY_COMPROMISE,08.2025,KBX_PROVISION_FLAW
570881c08ea65f031f1ae02a8a1b2f68,9f741118508f4e412080d21f55fa412a,Samsung,-,-,KEY_COMPROMISE,08.2025,KBX_PROVISION_FLAW
1e97cdff9138d7f21fc9267eb37b676c,399eee0281d80b2f0bae43fdac3bc0a3,Samsung,-,-,KEY_COMPROMISE,08.2025,KBX_PROVISION_FLAW
4ba0cf54d4e41ac1b7d5e73d79549c68,4610fefcaafda9d716930e54868c1b37,Samsung,-,-,KEY_COMPROMISE,08.2025,KBX_PROVISION_FLAW
fa2e5e3b02b467c5b5f02137b3fe09d7,c3749d2f878c0c77f3c81ec5341d8dd4,Samsung,-,-,KEY_COMPROMISE,08.2025,KBX_PROVISION_FLAW
7ab6dc32dca96be67fc2d577b6eeb64c,c42d280bf54cf4e618df19119028527c,Samsung,-,-,KEY_COMPROMISE,08.2025,KBX_PROVISION_FLAW
412029111cb4543565023ca5d4c6d11c,2c371dbe2134dae8a628181493214940,Samsung,-,-,KEY_COMPROMISE,08.2025,KBX_PROVISION_FLAW
df630d736c4bcfe10052ed4971fc67c2,fe29ff268201c69ad7f515ae9085f902,Samsung,-,-,KEY_COMPROMISE,08.2025,KBX_PROVISION_FLAW
44e5cae6c2fda3702ecf9a833f91b429,6bce58bbabfda2c2e2d305c52e49e7af,Samsung,-,-,KEY_COMPROMISE,08.2025,KBX_PROVISION_FLAW
d7243e4bcc79b77d9836761ab911478c,6973c4eb4bb35508909829d8791a34ed,Samsung,-,-,KEY_COMPROMISE,08.2025,KBX_PROVISION_FLAW
4af139f08ad9fa91edd693a995525093,cb15c743dccd2afd8a36734ea9dae9c0,Samsung,-,-,KEY_COMPROMISE,08.2025,KBX_PROVISION_FLAW
b2aa1a8d8ecd224b835d187eba0bafce,c7e4699a1cc2286c4bb9ad4f1df2223,Samsung,-,-,KEY_COMPROMISE,08.2025,KBX_PROVISION_FLAW
597542ce10d7da1dc57063d3e2b0eacf,96538b4e6ac0871733e286b50744cf3a,Samsung,-,-,KEY_COMPROMISE,08.2025,KBX_PROVISION_FLAW
4d9fbd4e54a52cd3a816b5de9d3f385d,716694de91b5a31f2773ecb5d41060f,Samsung,-,-,KEY_COMPROMISE,08.2025,KBX_PROVISION_FLAW
c6aca413a9f054cc9fb1a7b788e8e855,f058006ad338d6630c10d883e33cf622,Samsung,-,-,KEY_COMPROMISE,08.2025,KBX_PROVISION_FLAW
36d7d8542e790c0db4265ddccb0d48cd,724a3eaacbffca3a94b0ce8883690af0,Samsung,-,-,KEY_COMPROMISE,08.2025,KBX_PROVISION_FLAW
d2fddc8dcabfc26d551492f1682ac1f4,4f2a352a042de481d9830c27a7777cf,Samsung,-,-,KEY_COMPROMISE,08.2025,KBX_PROVISION_FLAW
fcd3c0ee1d3f4795cd30c2799428507,1089301f22f71a98b1ff169dcabee5af,Samsung,-,-,KEY_COMPROMISE,08.2025,KBX_PROVISION_FLAW
3026ca29146611617e05e321600aaf3f,dd399460606ecfb49bd29f6875e1bff9,Samsung,-,-,KEY_COMPROMISE,08.2025,KBX_PROVISION_FLAW
ee670bfc6ddcaf5093f5216c3a27d22a,b8d9b79c7155fc43fd2b33b55fc0480a,Samsung,-,-,KEY_COMPROMISE,08.2025,KBX_PROVISION_FLAW
3adb958768d10e087f318860c3552e53,15e50f1bf3b64699e0a7a3cfb5ece22,Samsung,-,-,KEY_COMPROMISE,08.2025,KBX_PROVISION_FLAW
51680223b7de7ec84b51dc9a51c52b38,1380a36b8e15b90428a50a83744fdee7,Samsung,-,-,KEY_COMPROMISE,08.2025,KBX_PROVISION_FLAW
81a8077fd2dae33836b2c0bb2894e7d7,822a698d52357ea9aa962322e25534cf,Samsung,-,-,KEY_COMPROMISE,08.2025,KBX_PROVISION_FLAW
ae528415f83baca55a393b9552a240f8,7596a333df2a44a846db406f0ada40c8,Samsung,-,-,KEY_COMPROMISE,08.2025,KBX_PROVISION_FLAW
20d09b6f05a4155c403c49e42b3918f0,b8b6a9b09e7b7468d0f715e6be0681c2,Samsung,-,-,KEY_COMPROMISE,08.2025,KBX_PROVISION_FLAW
ac6f3ccab91803ff27d7fb0f2c27eb73,4f12a3c434511ac5c772c8a068605394,Samsung,-,-,KEY_COMPROMISE,08.2025,KBX_PROVISION_FLAW
7ea11e846128aea82f128c9b6e152c94,5a70fe96ccce5684890cba880766253e,Samsung,-,-,KEY_COMPROMISE,08.2025,KBX_PROVISION_FLAW
d3e6b9b2e6fe55bcab673057e190e82c,9ffc743a2de3fcd3f1b7069fd176bbd9,Samsung,-,-,KEY_COMPROMISE,08.2025,KBX_PROVISION_FLAW
5d76b25142bfc17ab4596a4d13459ca6,cf93b45346e44e29bfd39e623763bdf1,Samsung,-,-,KEY_COMPROMISE,08.2025,KBX_PROVISION_FLAW
dec8d19c4fd456caae1ba785881d9419,c4f478bda6e17d498ebbcdc1b506a94e,Samsung,-,-,KEY_COMPROMISE,08.2025,KBX_PROVISION_FLAW
e89a2ae0999b6358925df793745c531,d43d77b652411585c1a148e800c0bcf4,Samsung,-,-,KEY_COMPROMISE,08.2025,KBX_PROVISION_FLAW
8bbe6f26dd861f875e9da0b05753aa7,6a8784bf6f947a0a5871bdd778919f83,Samsung,-,-,KEY_COMPROMISE,08.2025,KBX_PROVISION_FLAW
9e904b84a9a70f575e981cfc31f78ed4,10559c58de0bf1e222be441a0d178e2,Samsung,-,-,KEY_COMPROMISE,08.2025,KBX_PROVISION_FLAW
9410794179144343702,8320177972708966706,SICO,-,-,KEY_COMPROMISE,08.2025,MTK_KBX_INSECURE
14819540093924744456,9171053078655959033,Singtech,-,-,KEY_COMPROMISE,08.2025,MTK_KBX_INSECURE
12813875667693461525,11743167819662902408,SKY,-,-,KEY_COMPROMISE,08.2025,MTK_KBX_INSECURE
7833836230118043061,17275376463061255666,Sonata,-,-,KEY_COMPROMISE,08.2025,MTK_KBX_INSECURE
17061596236968583998,16978647816055228152,SPC,-,-,KEY_COMPROMISE,08.2025,MTK_KBX_INSECURE
8110090762508490592,14286825102022472874,S-TELL,-,-,KEY_COMPROMISE,08.2025,MTK_KBX_INSECURE
9677756083268455895,8880749303561162025,SPURT,-,-,KEY_COMPROMISE,08.2025,MTK_KBX_INSECURE
5796580242742729660,1763196739707640694,SPURT,-,-,KEY_COMPROMISE,08.2025,MTK_KBX_INSECURE
9875217916125278763,17578833306264440815,Starlight,-,-,KEY_COMPROMISE,08.2025,MTK_KBX_INSECURE
15090815292607871240,1326159620664152793,Starlight,-,-,KEY_COMPROMISE,08.2025,MTK_KBX_INSECURE
10bee388f4a7e5834ca807240b0ddf4b,35fbbc21fed23e623c4782bae323f4b1,Symphony,-,-,KEY_COMPROMISE,08.2025,MTK_KBX_INSECURE
17238018999084429581,16314893215351939417,Symphony,-,-,KEY_COMPROMISE,08.2025,MTK_KBX_INSECURE
5800867311117575392,5126115517797582614,Symphony,-,-,KEY_COMPROMISE,08.2025,MTK_KBX_INSECURE
7481779408865365145,3513800110905757424,Symphony,-,-,KEY_COMPROMISE,08.2025,MTK_KBX_INSECURE
8851629998784417471,9806819559341197621,Symphony,-,-,KEY_COMPROMISE,08.2025,MTK_KBX_INSECURE
16847481250324491724,10962156029558380693,Symphony,-,-,KEY_COMPROMISE,08.2025,MTK_KBX_INSECURE
b8df5c0073e9cc930850bf7c175ad6fc,8d17db3238c11b79af36d50e5c7e9f85,Symphony,-,-,KEY_COMPROMISE,08.2025,MTK_KBX_INSECURE
8362826351828825087,5586776208138972634,Tech 4U,-,-,KEY_COMPROMISE,08.2025,MTK_KBX_INSECURE
16923467952436143015,18140647132090162647,Tech 4U,-,-,KEY_COMPROMISE,08.2025,MTK_KBX_INSECURE
8794481172032979216,13842383135548544709,Teclast,-,-,KEY_COMPROMISE,08.2025,MTK_KBX_INSECURE
18348015637441004816,15217257688234268754,Teesso,-,-,KEY_COMPROMISE,08.2025,MTK_KBX_INSECURE
e47c7e8169eb66e217385fb8ca14c088,838e78930598fc6dce477c0f5a394de0,Teracube,-,-,KEY_COMPROMISE,08.2025,MTK_KBX_INSECURE
f18b3c4dd821bb10acf9700f7f17e8ac,c5a684fa3d00ef37e092772c0ac9cd96,Teracube,-,-,KEY_COMPROMISE,08.2025,MTK_KBX_INSECURE
6009156749090546607,11636949311683074888,Texet,-,-,KEY_COMPROMISE,08.2025,MTK_KBX_INSECURE
11767279525362412902,14158367028864484617,Texet,-,-,KEY_COMPROMISE,08.2025,MTK_KBX_INSECURE
1531526806337447631,1673152882458880174,Texet,-,-,KEY_COMPROMISE,08.2025,MTK_KBX_INSECURE
4601406337160575524,13487917262656397992,Tokio,-,-,KEY_COMPROMISE,08.2025,MTK_KBX_INSECURE
12693548162402959756,2517683954090094066,Turbo,-,-,KEY_COMPROMISE,08.2025,MTK_KBX_INSECURE
13227372165268306933,275996957950403990,Turbo,-,-,KEY_COMPROMISE,08.2025,MTK_KBX_INSECURE
13711913594309760306,7868419546214780077,Ulefone,-,-,KEY_COMPROMISE,08.2025,MTK_KBX_INSECURE
6166072948908210713,1377630786971836265,Ulefone,-,-,KEY_COMPROMISE,08.2025,MTK_KBX_INSECURE
904597665168557817,2105854492919804843,Ulefone,-,-,KEY_COMPROMISE,08.2025,MTK_KBX_INSECURE
2577620748261522555,4069366359021527949,Ulefone,-,-,KEY_COMPROMISE,08.2025,MTK_KBX_INSECURE
13372311372410136237,15201927663533532422,Ulefone,-,-,KEY_COMPROMISE,08.2025,MTK_KBX_INSECURE
50d43ac2edd105acc2f3dd27a3f89f7d,1ec0d244d33deb30dd81e930b2adac02,Ulefone,-,-,KEY_COMPROMISE,08.2025,MTK_KBX_INSECURE
3927336026342535187,1666861934994215943,Ulefone,-,-,KEY_COMPROMISE,08.2025,MTK_KBX_INSECURE
a9a0f644c36d4554c1a329c2f6395125,4b5e251c6bce9ff501399172b29b3fc8,Ulefone,-,-,KEY_COMPROMISE,08.2025,MTK_KBX_INSECURE
7605c867c4b24602481287698d6a57b5,616c34cfdb314266c3733efdb7740c0c,Ulefone,-,-,KEY_COMPROMISE,08.2025,MTK_KBX_INSECURE
60902f41a02713fe8f69cf20e5272b30,e75accae38ddd2b521c869cf57f8ea8a,Ulefone,-,-,KEY_COMPROMISE,08.2025,MTK_KBX_INSECURE
602069ca10286b6cb35a441e2f50bf0a,b923e6baae4f906f9fdd492c6f0ef918,Ulefone,-,-,KEY_COMPROMISE,08.2025,MTK_KBX_INSECURE
c111bfaae0f58238d848742eaa6e07d2,44854b78cc2ea46c8eea11767a45740c,Ulefone,-,-,KEY_COMPROMISE,08.2025,KBX_ROTATION_FLAW
422e4c7fa947a2c67a5f3cbb5ce1dd61,c184178d9e0b3bf7efc96061df775502,Ulefone,-,-,KEY_COMPROMISE,08.2025,KBX_ROTATION_FLAW
2340600689147915979,6422260858891619782,Ulefone,-,-,KEY_COMPROMISE,08.2025,MTK_KBX_INSECURE
1155490620940983400,15075505255666828048,Ulefone,-,-,KEY_COMPROMISE,08.2025,MTK_KBX_INSECURE
9941087608676516516,4662130574956547233,Ulefone,-,-,KEY_COMPROMISE,08.2025,MTK_KBX_INSECURE
11208952941045839933,6411147082865968306,Ulefone,-,-,KEY_COMPROMISE,08.2025,MTK_KBX_INSECURE
8c7f8e3a777c2c851b29005053f6b37d,e9874a8c82f9dfefff6535f59a3a6aa1,Ulefone,-,-,KEY_COMPROMISE,08.2025,MTK_KBX_INSECURE
831f627cb06cb29687f63f0c35551205,be43747bf20abee9a28ae28ee4be35e9,Ulefone,-,-,KEY_COMPROMISE,08.2025,MTK_KBX_INSECURE
3800154246956590317,15186824504550983658,Ulefone,-,-,KEY_COMPROMISE,08.2025,MTK_KBX_INSECURE
bc50c697f40fe52ed6457f7ec140ecb8,9dea252fdc20f5e11d3ae726d7b8e272,Ulefone,-,-,KEY_COMPROMISE,08.2025,MTK_KBX_INSECURE
6d322cd847df43f2636183d91c946cb2,8e47f9689dcf05f10deaaf0516474c0c,Ulefone,-,-,KEY_COMPROMISE,08.2025,MTK_KBX_INSECURE
7055158600627179107,331343401599225891,Ulefone,-,-,KEY_COMPROMISE,08.2025,MTK_KBX_INSECURE
4395484237900433375,15754136879424760507,Ulefone,-,-,KEY_COMPROMISE,08.2025,MTK_KBX_INSECURE
6347142543511269762,16033264165655702987,Ulefone,-,-,KEY_COMPROMISE,08.2025,MTK_KBX_INSECURE
5178287081129423789,7923982653928160481,Ulefone,-,-,KEY_COMPROMISE,08.2025,MTK_KBX_INSECURE
d897bc706dfd22d6977f94bf513d650d,289a23b00983fe0f44c08f695c85320b,Ulefone,-,-,KEY_COMPROMISE,08.2025,MTK_KBX_INSECURE
bf35c127bc5c226b7014f3cbb48cd0d3,730435a69bb9a8f137c68dbc3bcc6f51,Ulefone,-,-,KEY_COMPROMISE,08.2025,MTK_KBX_INSECURE
12561873826043898789,1282008532514910115,Ulefone,-,-,KEY_COMPROMISE,08.2025,MTK_KBX_INSECURE
13484381473217114639,7933014882736141564,Ulefone,-,-,KEY_COMPROMISE,08.2025,MTK_KBX_INSECURE
8786132768557811734,7339952604526531226,Ulefone,-,-,KEY_COMPROMISE,08.2025,MTK_KBX_INSECURE
5733072900241141041,12950630708617685644,Ulefone,-,-,KEY_COMPROMISE,08.2025,MTK_KBX_INSECURE
11916447193879051189,4482296225297529573,Ulefone,-,-,KEY_COMPROMISE,08.2025,MTK_KBX_INSECURE
ad06c8947ae0330530d69ea13dbb0c46,3a503c3608f009489fb5441fced08510,Ulefone,-,-,KEY_COMPROMISE,08.2025,MTK_KBX_INSECURE
4781922103321455509,9399041227330998187,Umidigi,-,-,KEY_COMPROMISE,08.2025,MTK_KBX_INSECURE
15622803546746278062,10461492875437061652,Umidigi,-,-,KEY_COMPROMISE,08.2025,MTK_KBX_INSECURE
13366807907856598126,11786091504502396114,Umidigi,-,-,KEY_COMPROMISE,08.2025,MTK_KBX_INSECURE
17034408322946736983,2872673238881270298,Umidigi,-,-,KEY_COMPROMISE,08.2025,MTK_KBX_INSECURE
4652773004182919035,1125189907693795142,Umidigi,-,-,KEY_COMPROMISE,08.2025,MTK_KBX_INSECURE
16764302296790793288,15543333169867679775,Umidigi,-,-,KEY_COMPROMISE,08.2025,MTK_KBX_INSECURE
17429495249145815331,6214181006624917599,Umidigi,-,-,KEY_COMPROMISE,08.2025,MTK_KBX_INSECURE
17764646277916293097,4960482075907400864,Umidigi,-,-,KEY_COMPROMISE,08.2025,MTK_KBX_INSECURE
a347224fc879fa3ff692e996d3ebc8ae,f05b51bcf65ffda7644087c65dbc31f5,Umidigi,-,-,KEY_COMPROMISE,08.2025,MTK_KBX_INSECURE
3551962342908689294,4752492473328021080,Umidigi,-,-,KEY_COMPROMISE,08.2025,MTK_KBX_INSECURE
8422401582526793650,3552573385834796777,Umidigi,-,-,KEY_COMPROMISE,08.2025,MTK_KBX_INSECURE
12881272616687903744,16147705152937096821,Umidigi,-,-,KEY_COMPROMISE,08.2025,MTK_KBX_INSECURE
1178038086740859843,15174630402361350273,Umidigi,-,-,KEY_COMPROMISE,08.2025,MTK_KBX_INSECURE
daf6ff6b0b34b7de4adaa1e170e3d99b,fd66ec7071b20ad6ee0062ca31240f41,Umidigi,-,-,KEY_COMPROMISE,08.2025,MTK_KBX_INSECURE
8449600099483914217,9419662024463691407,Umidigi,-,-,KEY_COMPROMISE,08.2025,MTK_KBX_INSECURE
8566355507751492394,1418752286162894584,Umidigi,-,-,KEY_COMPROMISE,08.2025,MTK_KBX_INSECURE
14734908615539204029,3442276642933601573,Umidigi,-,-,KEY_COMPROMISE,08.2025,MTK_KBX_INSECURE
2511561409177005300,4948035297455984889,Unihertz,-,-,KEY_COMPROMISE,08.2025,MTK_KBX_INSECURE
16720587277114481917,1507462507946346962,Unihertz,-,-,KEY_COMPROMISE,08.2025,MTK_KBX_INSECURE
482165607659389496,7411973349653658388,Vernee,-,-,KEY_COMPROMISE,08.2025,MTK_KBX_INSECURE
3897752522589381976,8870309663192723445,Vernee,-,-,KEY_COMPROMISE,08.2025,MTK_KBX_INSECURE
12139230682136140379,122520385525670372,Vernee,-,-,KEY_COMPROMISE,08.2025,MTK_KBX_INSECURE
8312359647055888307,15740840925928057374,Vernee,-,-,KEY_COMPROMISE,08.2025,MTK_KBX_INSECURE
7926662252213588550,190680988733074880,Vertex,-,-,KEY_COMPROMISE,08.2025,MTK_KBX_INSECURE
12304988636299822884,11094573067901655346,Vertex,-,-,KEY_COMPROMISE,08.2025,MTK_KBX_INSECURE
12450719621303624609,2500054701358369151,Vertex,-,-,KEY_COMPROMISE,08.2025,MTK_KBX_INSECURE
3701062711171616313,13838685811062520234,Vertex,-,-,KEY_COMPROMISE,08.2025,MTK_KBX_INSECURE
1205036314168619843,10054463320693306896,Vertex,-,-,KEY_COMPROMISE,08.2025,MTK_KBX_INSECURE
17028838969182661671,5321386845524205729,Vertex,-,-,KEY_COMPROMISE,08.2025,MTK_KBX_INSECURE
4149729170845317739,8078584563772313435,Vertex,-,-,KEY_COMPROMISE,08.2025,MTK_KBX_INSECURE
5442377335657269541,7392447382986419808,Vertex,-,-,KEY_COMPROMISE,08.2025,MTK_KBX_INSECURE
817007386347111263,16732073627698835403,Vertex,-,-,KEY_COMPROMISE,08.2025,MTK_KBX_INSECURE
7276109578027128348,16432838779229631789,Vertex,-,-,KEY_COMPROMISE,08.2025,MTK_KBX_INSECURE
4589986392077207171,7644813236226458108,Vertex,-,-,KEY_COMPROMISE,08.2025,MTK_KBX_INSECURE
8527371886349547413,2340215094190005217,Vertex,-,-,KEY_COMPROMISE,08.2025,MTK_KBX_INSECURE
10932084811022874750,9612320514363745744,Vertex,-,-,KEY_COMPROMISE,08.2025,MTK_KBX_INSECURE
25601477887622945,13754373405743288687,Vertex,-,-,KEY_COMPROMISE,08.2025,MTK_KBX_INSECURE
3703917662393238539,12439097412743619723,Vertex,-,-,KEY_COMPROMISE,08.2025,MTK_KBX_INSECURE
2854910309230616064,3103615013196461930,Vestel,-,-,KEY_COMPROMISE,08.2025,MTK_KBX_INSECURE
18233080163673465153,2602045008040826055,Vestel,-,-,KEY_COMPROMISE,08.2025,MTK_KBX_INSECURE
6205714689181825610,12738228678281827730,Vestel,-,-,KEY_COMPROMISE,08.2025,MTK_KBX_INSECURE
7995574425376179113,10210924765282876589,Vkworld,-,-,KEY_COMPROMISE,08.2025,MTK_KBX_INSECURE
7723354809943408389,12108331042154110628,Vkworld,-,-,KEY_COMPROMISE,08.2025,MTK_KBX_INSECURE
3200357748551199252,11250226164724296770,Vmobile,-,-,KEY_COMPROMISE,08.2025,MTK_KBX_INSECURE
8818084218485394148,17844940152848638528,Vmobile,-,-,KEY_COMPROMISE,08.2025,MTK_KBX_INSECURE
13556355866894425222,8285140117203273732,Vmobile,-,-,KEY_COMPROMISE,08.2025,MTK_KBX_INSECURE
4245666708619245000,6575160411143333165,Vmobile,-,-,KEY_COMPROMISE,08.2025,MTK_KBX_INSECURE
1916843696751721109,1057240240538259577,Walton,-,-,KEY_COMPROMISE,08.2025,MTK_KBX_INSECURE
13509178331638261369,1471850772787092846,Walton,-,-,KEY_COMPROMISE,08.2025,MTK_KBX_INSECURE
751430638206168356,5324022739477826123,Walton,-,-,KEY_COMPROMISE,08.2025,MTK_KBX_INSECURE
11947062695455535306,17532707713204912201,Walton,-,-,KEY_COMPROMISE,08.2025,MTK_KBX_INSECURE
6022819251459360700,3253987101493895202,Walton,-,-,KEY_COMPROMISE,08.2025,MTK_KBX_INSECURE
9027434868267373282,7961112603018817156,Walton,-,-,KEY_COMPROMISE,08.2025,MTK_KBX_INSECURE
1653831828391703419,8072193170930519341,Walton,-,-,KEY_COMPROMISE,08.2025,MTK_KBX_INSECURE
47e95a8fff5133b9b2c83c0354c0dd24,540545c2c477c0dd9463984a35122146,Walton,-,-,KEY_COMPROMISE,08.2025,MTK_KBX_INSECURE
16970836750068880395,11392191266947904823,WE,-,-,KEY_COMPROMISE,08.2025,MTK_KBX_INSECURE
17938153420901311612,15912351554005605136,WE,-,-,KEY_COMPROMISE,08.2025,MTK_KBX_INSECURE
9051065598451461544,8918736491675513445,WE,-,-,KEY_COMPROMISE,08.2025,MTK_KBX_INSECURE
16489576912621229382,2180198242210128636,WE,-,-,KEY_COMPROMISE,08.2025,MTK_KBX_INSECURE
12489614005608467205,121431651638244601,Wiko,-,-,KEY_COMPROMISE,08.2025,MTK_KBX_INSECURE
10923918505980797867,8773670515854207186,Wiko,-,-,KEY_COMPROMISE,08.2025,MTK_KBX_INSECURE
163221648729987128,6704705810087230459,Wiko,-,-,KEY_COMPROMISE,08.2025,MTK_KBX_INSECURE
d3b58d3f52707d233376e4b38bedcbd6,1d9221ebb6a51aebbebf6ed7fbaba96b,Wiko,-,-,KEY_COMPROMISE,08.2025,MTK_KBX_INSECURE
90ddb771656f7cc4447b505734ade2ff,b7bc13a93ae48d234ab526748deec83a,Wiko,-,-,KEY_COMPROMISE,08.2025,MTK_KBX_INSECURE
bbfda806c0722524ed2f75bae1201bce,24dfdad1b3579f04e54712e11b270488,Wiko,-,-,KEY_COMPROMISE,08.2025,MTK_KBX_INSECURE
5537249393494455827,14044585766286025501,Wiko,-,-,KEY_COMPROMISE,08.2025,MTK_KBX_INSECURE
8905469326550605719,9697459151203915836,Wiko,-,-,KEY_COMPROMISE,08.2025,MTK_KBX_INSECURE
6251451507822755425,3693975659964515917,Wiko,-,-,KEY_COMPROMISE,08.2025,MTK_KBX_INSECURE
6682283100830108688,18252850908762815735,Wiko,-,-,KEY_COMPROMISE,08.2025,MTK_KBX_INSECURE
15928591800696498753,2734249766672844482,Wiko,-,-,KEY_COMPROMISE,08.2025,MTK_KBX_INSECURE
7391613555443291808,70694594482709147,Wiko,-,-,KEY_COMPROMISE,08.2025,MTK_KBX_INSECURE
4671420421077182141,8711134784823922669,Wiko,-,-,KEY_COMPROMISE,08.2025,MTK_KBX_INSECURE
8979249833858077462,13643728516653640363,Wiko,-,-,KEY_COMPROMISE,08.2025,MTK_KBX_INSECURE
7133362158973081313,3846781776390735773,Wiko,-,-,KEY_COMPROMISE,08.2025,MTK_KBX_INSECURE
8ada685f2fda0516f1bc52313b69201d,766db713d5afa7220997db68c53efed8,Wiko,-,-,KEY_COMPROMISE,08.2025,MTK_KBX_INSECURE
d4a312c5fb44ea361718cce8c1c2013d,2aa154fa2ddb4ca5303b517b5be1b6c6,Wiko,-,-,KEY_COMPROMISE,08.2025,MTK_KBX_INSECURE
4061523374141050955,16896272140028785693,ZOJI,-,-,KEY_COMPROMISE,08.2025,MTK_KBX_INSECURE
15346992428359239506,15764292995864333197,ZOPO,-,-,KEY_COMPROMISE,08.2025,MTK_KBX_INSECURE
